{
	"editor": {
		"allAngles": false,
		"entityTextureMode": false
	},
	"textureWidth": 8,
	"textureHeight": 8,
	"textureSizes": {
		"string": [16,16],
		"arrow": [8,8],
		"aged": [16,16],
		"feather2": [16,16],
		"bone": [16,16],
		"stick": [16,16],
		"beeswax": [8,8],
		"leather": [16,16]
	},
	"textures": {
		"bonebowskin": "items/tool/bonebowskin"
	},
	"elements": [
		{
			"name": "origin",
			"from": [ 8.0, 0.0, 8.0 ],
			"to": [ 8.0, 0.0, 8.0 ],
			"rotationOrigin": [ 8.0, 0.0, 8.0 ],
			"faces": {
			},
			"children": [
				{
					"name": "BowGrip",
					"from": [ -1.9, -0.5, -0.5 ],
					"to": [ 1.6, 0.5, 0.5 ],
					"rotationOrigin": [ 0.0, 0.0, -0.5 ],
					"faces": {
						"north": { "texture": "#bonebowskin", "uv": [ 3.375, 1.5, 6.125, 2.5 ], "rotation": 90, "autoUv": false },
						"east": { "texture": "#bonebowskin", "uv": [ 3.625, 1.125, 4.625, 2.125 ] },
						"south": { "texture": "#bonebowskin", "uv": [ 3.375, 1.5, 6.0, 2.375 ], "rotation": 90, "autoUv": false },
						"west": { "texture": "#bonebowskin", "uv": [ 3.5, 1.375, 4.5, 2.375 ] },
						"up": { "texture": "#bonebowskin", "uv": [ 3.375, 1.375, 5.75, 2.125 ], "autoUv": false },
						"down": { "texture": "#bonebowskin", "uv": [ 3.25, 1.0, 6.125, 2.0 ], "rotation": 90, "autoUv": false }
					},
					"children": [
						{
							"name": "BowLimbUp",
							"from": [ 3.4, 0.1, 0.1 ],
							"to": [ 9.4, 0.9, 0.9 ],
							"rotationOrigin": [ 3.4, 0.5, 0.5 ],
							"rotationY": 20.0,
							"faces": {
								"north": { "texture": "#bonebowskin", "uv": [ 3.375, 2.875, 4.0, 5.5 ], "rotation": 90, "autoUv": false },
								"east": { "texture": "#bonebowskin", "uv": [ 3.25, 3.0, 4.0, 3.75 ] },
								"south": { "texture": "#bonebowskin", "uv": [ 3.25, 2.875, 3.875, 5.625 ], "rotation": 90, "autoUv": false },
								"up": { "texture": "#bonebowskin", "uv": [ 3.375, 2.875, 4.125, 5.625 ], "rotation": 90, "autoUv": false },
								"down": { "texture": "#bonebowskin", "uv": [ 3.25, 2.875, 4.0, 5.5 ], "rotation": 90, "autoUv": false }
							},
							"children": [
								{
									"name": "BowTipUp",
									"from": [ 5.5, 0.1, 0.1 ],
									"to": [ 12.9, 0.7, 0.7 ],
									"rotationOrigin": [ 5.5, 0.4, 0.4 ],
									"rotationY": -45.0,
									"faces": {
										"north": { "texture": "#bonebowskin", "uv": [ 3.25, 3.0, 3.875, 5.5 ], "rotation": 90, "autoUv": false },
										"east": { "texture": "#bonebowskin", "uv": [ 3.625, 3.125, 4.125, 3.625 ] },
										"south": { "texture": "#bonebowskin", "uv": [ 3.5, 3.0, 4.0, 5.5 ], "rotation": 90, "autoUv": false },
										"up": { "texture": "#bonebowskin", "uv": [ 3.5, 2.875, 4.0, 5.375 ], "rotation": 90, "autoUv": false },
										"down": { "texture": "#bonebowskin", "uv": [ 3.25, 2.875, 3.875, 5.75 ], "rotation": 90, "autoUv": false }
									},
									"children": [
										{
											"name": "BowStringUp1",
											"from": [ -1.4, 0.2, 0.5 ],
											"to": [ 6.8, 0.4, 0.7 ],
											"rotationOrigin": [ 6.8, 0.3, 0.6 ],
											"rotationY": 26.0,
											"faces": {
												"north": { "texture": "#bonebowskin", "uv": [ 6.75, 1.125, 6.875, 3.125 ], "autoUv": false },
												"east": { "texture": "#bonebowskin", "uv": [ 6.75, 1.625, 6.875, 1.75 ] },
												"south": { "texture": "#bonebowskin", "uv": [ 7.0, 0.75, 7.125, 3.25 ], "autoUv": false },
												"west": { "texture": "#bonebowskin", "uv": [ 6.875, 1.375, 7.0, 1.5 ] },
												"up": { "texture": "#bonebowskin", "uv": [ 6.625, 0.75, 6.75, 3.125 ], "autoUv": false },
												"down": { "texture": "#bonebowskin", "uv": [ 7.125, 0.625, 7.25, 3.125 ], "autoUv": false }
											},
											"children": [
												{
													"name": "BowStringUp2",
													"from": [ -5.2, 0.0, 0.0 ],
													"to": [ 0.0, 0.2, 0.2 ],
													"rotationOrigin": [ -3.0, 0.1, 0.1 ],
													"faces": {
														"north": { "texture": "#bonebowskin", "uv": [ 6.5, 0.875, 6.75, 3.25 ], "autoUv": false },
														"east": { "texture": "#bonebowskin", "uv": [ 6.75, 1.625, 6.875, 1.75 ] },
														"south": { "texture": "#bonebowskin", "uv": [ 7.25, 0.875, 7.375, 3.375 ], "autoUv": false },
														"west": { "texture": "#bonebowskin", "uv": [ 7.125, 1.5, 7.25, 1.625 ] },
														"up": { "texture": "#bonebowskin", "uv": [ 7.0, 0.875, 7.125, 3.5 ], "autoUv": false },
														"down": { "texture": "#bonebowskin", "uv": [ 6.625, 0.375, 6.75, 3.125 ], "autoUv": false }
													},
													"children": [
														{
															"name": "BowNock",
															"from": [ -0.4, -0.1, -0.1 ],
															"to": [ 1.6, 0.3, 0.3 ],
															"rotationOrigin": [ 0.6, 0.1, 0.1 ],
															"faces": {
																"north": { "texture": "#bonebowskin", "uv": [ 3.375, 0.375, 4.25, 0.75 ], "autoUv": false },
																"east": { "texture": "#bonebowskin", "uv": [ 3.5, 0.625, 3.875, 1.0 ] },
																"south": { "texture": "#bonebowskin", "uv": [ 3.25, 0.5, 4.25, 0.875 ], "autoUv": false },
																"west": { "texture": "#bonebowskin", "uv": [ 3.25, 0.375, 3.625, 0.75 ] },
																"up": { "texture": "#bonebowskin", "uv": [ 3.375, 0.5, 4.25, 0.875 ], "autoUv": false },
																"down": { "texture": "#bonebowskin", "uv": [ 3.625, 0.5, 4.5, 0.875 ], "autoUv": false }
															}
														}
													]
												}
											]
										},
										{
											"name": "BowNotchUp",
											"from": [ 6.3, -0.2, -0.1 ],
											"to": [ 6.9, 0.8, 0.7 ],
											"rotationOrigin": [ 6.6, 0.3, 0.3 ],
											"faces": {
												"north": { "texture": "#bonebowskin", "uv": [ 6.75, 0.375, 7.25, 1.375 ] },
												"east": { "texture": "#bonebowskin", "uv": [ 6.5, 0.5, 7.25, 1.5 ] },
												"south": { "texture": "#bonebowskin", "uv": [ 6.25, 0.375, 6.75, 1.375 ] },
												"west": { "texture": "#bonebowskin", "uv": [ 6.375, 0.625, 7.125, 1.625 ] },
												"up": { "texture": "#bonebowskin", "uv": [ 6.375, 0.375, 6.875, 1.125 ] },
												"down": { "texture": "#bonebowskin", "uv": [ 6.375, 0.375, 6.875, 1.125 ] }
											}
										},
										{
											"name": "BowCompositeUp2",
											"from": [ 0.0, -0.11, 0.1 ],
											"to": [ 7.3, 0.69, 0.4 ],
											"rotationOrigin": [ 0.0, 0.3, 0.3 ],
											"faces": {
												"north": { "texture": "#bonebowskin", "uv": [ 1.25, 0.125, 1.75, 2.75 ], "rotation": 90, "autoUv": false },
												"east": { "texture": "#bonebowskin", "uv": [ 1.125, 0.125, 1.375, 0.875 ] },
												"south": { "texture": "#bonebowskin", "uv": [ 1.375, 0.25, 1.875, 2.625 ], "rotation": 90, "autoUv": false },
												"west": { "texture": "#bonebowskin", "uv": [ 0.5, 0.25, 0.75, 1.0 ] },
												"up": { "texture": "#bonebowskin", "uv": [ 1.5, 0.0, 1.75, 2.75 ], "rotation": 90, "autoUv": false },
												"down": { "texture": "#bonebowskin", "uv": [ 1.75, 0.0, 2.0, 2.75 ], "rotation": 90, "autoUv": false }
											}
										},
										{
											"name": "RecurveUp",
											"from": [ 7.2, 0.1, 0.1 ],
											"to": [ 9.2, 0.5, 0.5 ],
											"rotationOrigin": [ 7.2, 0.3, 0.3 ],
											"rotationY": 45.0,
											"faces": {
												"north": { "texture": "#bonebowskin", "uv": [ 3.5, 3.0, 5.5, 3.375 ] },
												"east": { "texture": "#bonebowskin", "uv": [ 3.75, 3.0, 4.125, 3.375 ] },
												"south": { "texture": "#bonebowskin", "uv": [ 3.75, 3.125, 5.75, 3.5 ] },
												"up": { "texture": "#bonebowskin", "uv": [ 3.5, 3.125, 5.5, 3.5 ] },
												"down": { "texture": "#bonebowskin", "uv": [ 3.75, 3.0, 5.75, 3.375 ] }
											}
										},
										{
											"name": "bonesup",
											"from": [ -0.14, 0.05, -0.5 ],
											"to": [ 0.86, 0.55, 0.9 ],
											"rotationOrigin": [ 0.3636, 0.2, 0.3707 ],
											"rotationY": 22.5,
											"faces": {
												"north": { "texture": "#bonebowskin", "uv": [ 0.5, 6.125, 1.5, 6.625 ] },
												"east": { "texture": "#bonebowskin", "uv": [ 0.375, 6.25, 1.75, 6.75 ] },
												"south": { "texture": "#bonebowskin", "uv": [ 0.25, 6.125, 1.25, 6.625 ] },
												"west": { "texture": "#bonebowskin", "uv": [ 0.25, 5.875, 1.625, 6.375 ] },
												"up": { "texture": "#bonebowskin", "uv": [ 0.375, 5.875, 1.375, 7.25 ] },
												"down": { "texture": "#bonebowskin", "uv": [ 0.375, 6.125, 1.375, 7.5 ] }
											},
											"children": [
												{
													"name": "Cube15",
													"from": [ 0.2, 0.05, -0.2 ],
													"to": [ 1.4, 0.45, 0.2 ],
													"rotationOrigin": [ 0.5, 0.2, 0.0 ],
													"rotationY": 45.0,
													"faces": {
														"north": { "texture": "#bonebowskin", "uv": [ 0.125, 6.125, 1.25, 6.5 ] },
														"east": { "texture": "#bonebowskin", "uv": [ 0.25, 6.125, 0.625, 6.5 ] },
														"south": { "texture": "#bonebowskin", "uv": [ 0.375, 6.125, 1.5, 6.5 ] },
														"west": { "texture": "#bonebowskin", "uv": [ 0.5, 6.75, 0.875, 7.125 ] },
														"up": { "texture": "#bonebowskin", "uv": [ 0.5, 7.375, 1.625, 7.75 ] },
														"down": { "texture": "#bonebowskin", "uv": [ 0.5, 6.125, 1.625, 6.5 ] }
													}
												},
												{
													"name": "Cube16",
													"from": [ 0.5, 0.05, 1.0 ],
													"to": [ 1.5, 0.45, 1.4 ],
													"rotationOrigin": [ 0.5, 0.2, 1.0 ],
													"rotationY": -67.5,
													"faces": {
														"north": { "texture": "#bonebowskin", "uv": [ 0.5, 6.25, 1.5, 6.625 ] },
														"east": { "texture": "#bonebowskin", "uv": [ 1.125, 6.0, 1.5, 6.375 ] },
														"south": { "texture": "#bonebowskin", "uv": [ 0.25, 5.875, 1.25, 6.25 ] },
														"west": { "texture": "#bonebowskin", "uv": [ 1.625, 5.875, 2.0, 6.25 ] },
														"up": { "texture": "#bonebowskin", "uv": [ 0.875, 6.25, 1.875, 6.625 ] },
														"down": { "texture": "#bonebowskin", "uv": [ 0.875, 6.375, 1.875, 6.75 ] }
													}
												},
												{
													"name": "Cube17",
													"from": [ 0.9239, 0.0, 0.6827 ],
													"to": [ 1.9239, 0.5, 1.8827 ],
													"rotationOrigin": [ 1.4275, 0.2, 1.2534 ],
													"rotationY": -22.5,
													"faces": {
														"north": { "texture": "#bonebowskin", "uv": [ 0.125, 6.125, 1.125, 6.625 ] },
														"east": { "texture": "#bonebowskin", "uv": [ 0.25, 5.75, 1.375, 6.25 ] },
														"south": { "texture": "#bonebowskin", "uv": [ 0.375, 6.125, 1.375, 6.625 ] },
														"west": { "texture": "#bonebowskin", "uv": [ 0.25, 5.875, 1.375, 6.375 ] },
														"up": { "texture": "#bonebowskin", "uv": [ 0.375, 6.375, 1.375, 7.5 ] },
														"down": { "texture": "#bonebowskin", "uv": [ 0.375, 6.25, 1.375, 7.375 ] }
													},
													"children": [
														{
															"name": "Cube18",
															"from": [ 0.2, 0.05, -0.3 ],
															"to": [ 1.4, 0.45, 0.1 ],
															"rotationOrigin": [ 0.5, 0.2, 0.0 ],
															"rotationY": 60.0,
															"faces": {
																"north": { "texture": "#bonebowskin", "uv": [ 0.25, 6.125, 1.375, 6.5 ] },
																"east": { "texture": "#bonebowskin", "uv": [ 0.75, 5.75, 1.125, 6.125 ] },
																"south": { "texture": "#bonebowskin", "uv": [ 0.375, 6.0, 1.5, 6.375 ] },
																"west": { "texture": "#bonebowskin", "uv": [ 1.0, 5.875, 1.375, 6.25 ] },
																"up": { "texture": "#bonebowskin", "uv": [ 0.5, 6.125, 1.625, 6.5 ] },
																"down": { "texture": "#bonebowskin", "uv": [ 0.125, 5.75, 1.25, 6.125 ] }
															}
														},
														{
															"name": "Cube19",
															"from": [ 0.5, 0.05, 0.8 ],
															"to": [ 1.5, 0.45, 1.2 ],
															"rotationOrigin": [ 0.5, 0.2, 1.0 ],
															"rotationY": -45.0,
															"faces": {
																"north": { "texture": "#bonebowskin", "uv": [ 0.25, 5.875, 1.25, 6.25 ] },
																"east": { "texture": "#bonebowskin", "uv": [ 0.75, 6.125, 1.125, 6.5 ] },
																"south": { "texture": "#bonebowskin", "uv": [ 0.25, 6.125, 1.25, 6.5 ] },
																"west": { "texture": "#bonebowskin", "uv": [ 0.75, 6.0, 1.125, 6.375 ] },
																"up": { "texture": "#bonebowskin", "uv": [ 0.5, 6.125, 1.5, 6.5 ] },
																"down": { "texture": "#bonebowskin", "uv": [ 0.5, 6.25, 1.5, 6.625 ] }
															}
														},
														{
															"name": "Cube65",
															"from": [ 0.1971, -0.25, 0.1241 ],
															"to": [ 0.6471, 0.75, 1.1241 ],
															"rotationOrigin": [ 0.3971, 0.3, 0.1241 ],
															"faces": {
																"north": { "texture": "#bonebowskin", "uv": [ 0.5, 6.375, 0.875, 7.375 ] },
																"east": { "texture": "#bonebowskin", "uv": [ 0.125, 6.0, 1.125, 7.0 ] },
																"south": { "texture": "#bonebowskin", "uv": [ 0.75, 6.0, 1.125, 7.0 ] },
																"west": { "texture": "#bonebowskin", "uv": [ 0.25, 5.875, 1.25, 6.875 ] },
																"up": { "texture": "#bonebowskin", "uv": [ 0.375, 5.875, 0.75, 6.875 ] },
																"down": { "texture": "#bonebowskin", "uv": [ 0.25, 6.0, 0.625, 7.0 ] }
															}
														}
													]
												},
												{
													"name": "Cube20",
													"from": [ 2.0878, 0.0, 1.0654 ],
													"to": [ 3.0878, 0.5, 2.0654 ],
													"rotationOrigin": [ 2.3514, 0.2, 1.6361 ],
													"rotationY": -22.5,
													"faces": {
														"north": { "texture": "#bonebowskin", "uv": [ 0.75, 5.75, 1.75, 6.25 ] },
														"east": { "texture": "#bonebowskin", "uv": [ 0.75, 5.875, 1.75, 6.375 ] },
														"south": { "texture": "#bonebowskin", "uv": [ 0.625, 6.0, 1.625, 6.5 ] },
														"west": { "texture": "#bonebowskin", "uv": [ 0.875, 6.875, 1.875, 7.375 ] },
														"up": { "texture": "#bonebowskin", "uv": [ 0.625, 6.5, 1.625, 7.5 ] },
														"down": { "texture": "#bonebowskin", "uv": [ 0.875, 6.75, 1.875, 7.75 ] }
													},
													"children": [
														{
															"name": "Cube21",
															"from": [ 0.2, 0.05, -0.2 ],
															"to": [ 1.3, 0.45, 0.2 ],
															"rotationOrigin": [ 0.5, 0.2, 0.0 ],
															"rotationY": 45.0,
															"faces": {
																"north": { "texture": "#bonebowskin", "uv": [ 0.75, 6.875, 1.75, 7.25 ] },
																"east": { "texture": "#bonebowskin", "uv": [ 1.5, 6.5, 1.875, 6.875 ] },
																"south": { "texture": "#bonebowskin", "uv": [ 0.5, 6.125, 1.5, 6.5 ] },
																"west": { "texture": "#bonebowskin", "uv": [ 0.875, 6.25, 1.25, 6.625 ] },
																"up": { "texture": "#bonebowskin", "uv": [ 0.625, 7.125, 1.625, 7.5 ] },
																"down": { "texture": "#bonebowskin", "uv": [ 1.0, 6.25, 2.0, 6.625 ] }
															}
														},
														{
															"name": "Cube22",
															"from": [ 0.2, 0.05, 0.8 ],
															"to": [ 1.2, 0.45, 1.2 ],
															"rotationOrigin": [ 0.5, 0.2, 1.0 ],
															"rotationY": -45.0,
															"faces": {
																"north": { "texture": "#bonebowskin", "uv": [ 0.625, 6.375, 1.625, 6.75 ] },
																"east": { "texture": "#bonebowskin", "uv": [ 0.625, 6.0, 1.0, 6.375 ] },
																"south": { "texture": "#bonebowskin", "uv": [ 0.25, 6.0, 1.25, 6.375 ] },
																"west": { "texture": "#bonebowskin", "uv": [ 0.5, 7.125, 0.875, 7.5 ] },
																"up": { "texture": "#bonebowskin", "uv": [ 0.375, 7.5, 1.375, 7.875 ] },
																"down": { "texture": "#bonebowskin", "uv": [ 0.375, 6.25, 1.375, 6.625 ] }
															}
														},
														{
															"name": "Cube66",
															"from": [ 0.2575, -0.25, 0.0262 ],
															"to": [ 0.7075, 0.75, 1.0262 ],
															"rotationOrigin": [ 0.1575, 0.3, -0.0738 ],
															"faces": {
																"north": { "texture": "#bonebowskin", "uv": [ 0.5, 6.375, 0.875, 7.375 ] },
																"east": { "texture": "#bonebowskin", "uv": [ 0.125, 6.0, 1.125, 7.0 ] },
																"south": { "texture": "#bonebowskin", "uv": [ 0.75, 6.0, 1.125, 7.0 ] },
																"west": { "texture": "#bonebowskin", "uv": [ 0.25, 5.875, 1.25, 6.875 ] },
																"up": { "texture": "#bonebowskin", "uv": [ 0.375, 5.875, 0.75, 6.875 ] },
																"down": { "texture": "#bonebowskin", "uv": [ 0.25, 6.0, 0.625, 7.0 ] }
															}
														}
													]
												},
												{
													"name": "Cube23",
													"from": [ 3.1616, 0.0, 1.4481 ],
													"to": [ 4.1616, 0.5, 2.4481 ],
													"rotationOrigin": [ 3.2752, 0.2, 2.0188 ],
													"rotationY": -22.5,
													"faces": {
														"north": { "texture": "#bonebowskin", "uv": [ 0.25, 5.875, 1.25, 6.375 ] },
														"east": { "texture": "#bonebowskin", "uv": [ 0.375, 6.25, 1.375, 6.75 ] },
														"south": { "texture": "#bonebowskin", "uv": [ 0.375, 6.0, 1.375, 6.5 ] },
														"west": { "texture": "#bonebowskin", "uv": [ 0.375, 6.0, 1.375, 6.5 ] },
														"up": { "texture": "#bonebowskin", "uv": [ 0.625, 6.5, 1.625, 7.5 ] },
														"down": { "texture": "#bonebowskin", "uv": [ 0.375, 6.5, 1.375, 7.5 ] }
													},
													"children": [
														{
															"name": "Cube24",
															"from": [ 0.2, 0.05, -0.2 ],
															"to": [ 1.0, 0.45, 0.2 ],
															"rotationOrigin": [ 0.5, 0.2, 0.0 ],
															"rotationY": 45.0,
															"faces": {
																"north": { "texture": "#bonebowskin", "uv": [ 0.5, 6.375, 1.25, 6.75 ] },
																"east": { "texture": "#bonebowskin", "uv": [ 1.0, 6.5, 1.375, 6.875 ] },
																"south": { "texture": "#bonebowskin", "uv": [ 0.625, 6.125, 1.375, 6.5 ] },
																"west": { "texture": "#bonebowskin", "uv": [ 1.125, 6.5, 1.5, 6.875 ] },
																"up": { "texture": "#bonebowskin", "uv": [ 0.75, 6.375, 1.5, 6.75 ] },
																"down": { "texture": "#bonebowskin", "uv": [ 0.5, 6.0, 1.25, 6.375 ] }
															}
														},
														{
															"name": "Cube25",
															"from": [ 0.2, 0.05, 0.8 ],
															"to": [ 0.9, 0.45, 1.2 ],
															"rotationOrigin": [ 0.5, 0.2, 1.0 ],
															"rotationY": -45.0,
															"faces": {
																"north": { "texture": "#bonebowskin", "uv": [ 0.75, 6.125, 1.375, 6.5 ] },
																"east": { "texture": "#bonebowskin", "uv": [ 0.5, 6.0, 0.875, 6.375 ] },
																"south": { "texture": "#bonebowskin", "uv": [ 0.75, 6.0, 1.375, 6.375 ] },
																"west": { "texture": "#bonebowskin", "uv": [ 0.75, 6.5, 1.125, 6.875 ] },
																"up": { "texture": "#bonebowskin", "uv": [ 0.75, 6.125, 1.375, 6.5 ] },
																"down": { "texture": "#bonebowskin", "uv": [ 0.625, 6.375, 1.25, 6.75 ] }
															}
														},
														{
															"name": "Cube67",
															"from": [ 0.2075, -0.25, 0.0262 ],
															"to": [ 0.6575, 0.75, 1.0262 ],
															"rotationOrigin": [ -0.9925, 0.3, -0.0738 ],
															"faces": {
																"north": { "texture": "#bonebowskin", "uv": [ 0.5, 6.375, 0.875, 7.375 ] },
																"east": { "texture": "#bonebowskin", "uv": [ 0.125, 6.0, 1.125, 7.0 ] },
																"south": { "texture": "#bonebowskin", "uv": [ 0.75, 6.0, 1.125, 7.0 ] },
																"west": { "texture": "#bonebowskin", "uv": [ 0.25, 5.875, 1.25, 6.875 ] },
																"up": { "texture": "#bonebowskin", "uv": [ 0.375, 5.875, 0.75, 6.875 ] },
																"down": { "texture": "#bonebowskin", "uv": [ 0.25, 6.0, 0.625, 7.0 ] }
															}
														}
													]
												},
												{
													"name": "Cube26",
													"from": [ 4.2855, 0.0, 1.9307 ],
													"to": [ 5.2855, 0.5, 2.7307 ],
													"rotationOrigin": [ 4.1991, 0.2, 2.4014 ],
													"rotationY": -22.5,
													"faces": {
														"north": { "texture": "#bonebowskin", "uv": [ 0.25, 5.875, 1.25, 6.375 ] },
														"east": { "texture": "#bonebowskin", "uv": [ 0.625, 6.125, 1.375, 6.625 ] },
														"south": { "texture": "#bonebowskin", "uv": [ 0.5, 5.875, 1.5, 6.375 ] },
														"west": { "texture": "#bonebowskin", "uv": [ 1.0, 6.125, 1.75, 6.625 ] },
														"up": { "texture": "#bonebowskin", "uv": [ 0.5, 6.25, 1.5, 7.0 ] },
														"down": { "texture": "#bonebowskin", "uv": [ 0.5, 6.25, 1.5, 7.0 ] }
													},
													"children": [
														{
															"name": "Cube27",
															"from": [ 0.2, 0.05, -0.2 ],
															"to": [ 1.0, 0.45, 0.2 ],
															"rotationOrigin": [ 0.5, 0.2, 0.0 ],
															"rotationY": 45.0,
															"faces": {
																"north": { "texture": "#bonebowskin", "uv": [ 0.5, 6.0, 1.25, 6.375 ] },
																"east": { "texture": "#bonebowskin", "uv": [ 1.25, 6.25, 1.625, 6.625 ] },
																"south": { "texture": "#bonebowskin", "uv": [ 0.75, 6.0, 1.5, 6.375 ] },
																"west": { "texture": "#bonebowskin", "uv": [ 1.0, 6.375, 1.375, 6.75 ] },
																"up": { "texture": "#bonebowskin", "uv": [ 0.875, 5.875, 1.625, 6.25 ] },
																"down": { "texture": "#bonebowskin", "uv": [ 1.125, 6.375, 1.875, 6.75 ] }
															}
														},
														{
															"name": "Cube28",
															"from": [ 0.0, 0.05, 0.7 ],
															"to": [ 0.7, 0.45, 1.1 ],
															"rotationOrigin": [ 0.5, 0.2, 1.0 ],
															"rotationY": -45.0,
															"faces": {
																"north": { "texture": "#bonebowskin", "uv": [ 0.875, 6.375, 1.5, 6.75 ] },
																"east": { "texture": "#bonebowskin", "uv": [ 1.125, 6.25, 1.5, 6.625 ] },
																"south": { "texture": "#bonebowskin", "uv": [ 1.125, 6.125, 1.75, 6.5 ] },
																"west": { "texture": "#bonebowskin", "uv": [ 1.125, 6.5, 1.5, 6.875 ] },
																"up": { "texture": "#bonebowskin", "uv": [ 1.0, 6.25, 1.625, 6.625 ] },
																"down": { "texture": "#bonebowskin", "uv": [ 1.0, 6.0, 1.625, 6.375 ] }
															}
														},
														{
															"name": "Cube68",
															"from": [ 0.2075, -0.25, -0.0738 ],
															"to": [ 0.6575, 0.75, 0.9262 ],
															"rotationOrigin": [ -2.1925, 0.3, -0.1738 ],
															"faces": {
																"north": { "texture": "#bonebowskin", "uv": [ 0.5, 6.375, 0.875, 7.375 ] },
																"east": { "texture": "#bonebowskin", "uv": [ 0.125, 6.0, 1.125, 7.0 ] },
																"south": { "texture": "#bonebowskin", "uv": [ 0.75, 6.0, 1.125, 7.0 ] },
																"west": { "texture": "#bonebowskin", "uv": [ 0.25, 5.875, 1.25, 6.875 ] },
																"up": { "texture": "#bonebowskin", "uv": [ 0.375, 5.875, 0.75, 6.875 ] },
																"down": { "texture": "#bonebowskin", "uv": [ 0.25, 6.0, 0.625, 7.0 ] }
															}
														}
													]
												},
												{
													"name": "Cube29",
													"from": [ 5.4094, 0.0, 2.32 ],
													"to": [ 6.4094, 0.5, 3.12 ],
													"rotationOrigin": [ 5.123, 0.2, 2.7841 ],
													"rotationY": -22.5,
													"faces": {
														"north": { "texture": "#bonebowskin", "uv": [ 0.75, 6.75, 1.75, 7.25 ] },
														"east": { "texture": "#bonebowskin", "uv": [ 0.5, 6.25, 1.25, 6.75 ] },
														"south": { "texture": "#bonebowskin", "uv": [ 0.375, 6.375, 1.375, 6.875 ] },
														"west": { "texture": "#bonebowskin", "uv": [ 0.75, 6.625, 1.5, 7.125 ] },
														"up": { "texture": "#bonebowskin", "uv": [ 0.5, 6.0, 1.5, 6.75 ] },
														"down": { "texture": "#bonebowskin", "uv": [ 0.5, 6.0, 1.5, 6.75 ] }
													},
													"children": [
														{
															"name": "Cube30",
															"from": [ 0.2, 0.05, -0.2 ],
															"to": [ 0.7, 0.45, 0.2 ],
															"rotationOrigin": [ 0.5, 0.2, 0.0 ],
															"rotationY": 45.0,
															"faces": {
																"north": { "texture": "#bonebowskin", "uv": [ 0.25, 6.0, 0.75, 6.375 ] },
																"east": { "texture": "#bonebowskin", "uv": [ 0.875, 6.25, 1.25, 6.625 ] },
																"south": { "texture": "#bonebowskin", "uv": [ 0.75, 6.25, 1.25, 6.625 ] },
																"west": { "texture": "#bonebowskin", "uv": [ 0.5, 6.625, 0.875, 7.0 ] },
																"up": { "texture": "#bonebowskin", "uv": [ 1.0, 6.25, 1.5, 6.625 ] },
																"down": { "texture": "#bonebowskin", "uv": [ 1.25, 6.125, 1.75, 6.5 ] }
															}
														},
														{
															"name": "Cube31",
															"from": [ 0.0, 0.05, 0.7 ],
															"to": [ 0.3, 0.45, 1.1 ],
															"rotationOrigin": [ 0.5, 0.2, 1.0 ],
															"rotationY": -45.0,
															"faces": {
																"north": { "texture": "#bonebowskin", "uv": [ 1.0, 6.25, 1.25, 6.625 ] },
																"east": { "texture": "#bonebowskin", "uv": [ 0.75, 6.25, 1.125, 6.625 ] },
																"south": { "texture": "#bonebowskin", "uv": [ 0.875, 6.375, 1.125, 6.75 ] },
																"west": { "texture": "#bonebowskin", "uv": [ 0.875, 6.5, 1.25, 6.875 ] },
																"up": { "texture": "#bonebowskin", "uv": [ 1.125, 6.375, 1.375, 6.75 ] },
																"down": { "texture": "#bonebowskin", "uv": [ 0.875, 6.75, 1.125, 7.125 ] }
															}
														},
														{
															"name": "Cube69",
															"from": [ 0.2075, -0.25, -0.0804 ],
															"to": [ 0.6575, 0.75, 0.9196 ],
															"rotationOrigin": [ -3.3925, 0.3, -0.1804 ],
															"faces": {
																"north": { "texture": "#bonebowskin", "uv": [ 0.5, 6.375, 0.875, 7.375 ] },
																"east": { "texture": "#bonebowskin", "uv": [ 0.125, 6.0, 1.125, 7.0 ] },
																"south": { "texture": "#bonebowskin", "uv": [ 0.75, 6.0, 1.125, 7.0 ] },
																"west": { "texture": "#bonebowskin", "uv": [ 0.25, 5.875, 1.25, 6.875 ] },
																"up": { "texture": "#bonebowskin", "uv": [ 0.375, 5.875, 0.75, 6.875 ] },
																"down": { "texture": "#bonebowskin", "uv": [ 0.25, 6.0, 0.625, 7.0 ] }
															}
														}
													]
												},
												{
													"name": "Cube64",
													"from": [ 0.3, -0.25, 0.3 ],
													"to": [ 0.75, 0.75, 1.3 ],
													"rotationOrigin": [ 0.5, 0.3, 0.8 ],
													"faces": {
														"north": { "texture": "#bonebowskin", "uv": [ 0.5, 6.375, 0.875, 7.375 ] },
														"east": { "texture": "#bonebowskin", "uv": [ 0.125, 6.0, 1.125, 7.0 ] },
														"south": { "texture": "#bonebowskin", "uv": [ 0.75, 6.0, 1.125, 7.0 ] },
														"west": { "texture": "#bonebowskin", "uv": [ 0.25, 5.875, 1.25, 6.875 ] },
														"up": { "texture": "#bonebowskin", "uv": [ 0.375, 5.875, 0.75, 6.875 ] },
														"down": { "texture": "#bonebowskin", "uv": [ 0.25, 6.0, 0.625, 7.0 ] }
													}
												}
											]
										},
										{
											"name": "Cube32",
											"from": [ 6.5, -0.01, 0.0 ],
											"to": [ 7.5, 0.61, 0.5 ],
											"rotationOrigin": [ 6.5, 0.2, -0.2 ],
											"rotationY": 22.5,
											"faces": {
												"north": { "texture": "#bonebowskin", "uv": [ 0.625, 6.0, 1.625, 6.5 ] },
												"east": { "texture": "#bonebowskin", "uv": [ 0.625, 6.125, 1.125, 6.625 ] },
												"south": { "texture": "#bonebowskin", "uv": [ 0.25, 5.875, 1.25, 6.375 ] },
												"west": { "texture": "#bonebowskin", "uv": [ 0.75, 6.125, 1.25, 6.625 ] },
												"up": { "texture": "#bonebowskin", "uv": [ 0.5, 6.75, 1.5, 7.25 ] },
												"down": { "texture": "#bonebowskin", "uv": [ 0.5, 6.0, 1.5, 6.5 ] }
											}
										}
									]
								},
								{
									"name": "BowCompositeUp1",
									"from": [ 0.1, -0.11, 0.1 ],
									"to": [ 6.1, 0.89, 0.5 ],
									"rotationOrigin": [ 0.1, 0.5, 0.4 ],
									"faces": {
										"north": { "texture": "#bonebowskin", "uv": [ 1.125, 0.25, 1.875, 2.125 ], "autoUv": false },
										"east": { "texture": "#bonebowskin", "uv": [ 1.75, 1.125, 2.125, 2.125 ] },
										"south": { "texture": "#bonebowskin", "uv": [ 1.375, 0.375, 2.125, 2.25 ], "rotation": 90, "autoUv": false },
										"west": { "texture": "#bonebowskin", "uv": [ 1.375, 0.625, 1.75, 1.625 ] },
										"up": { "texture": "#bonebowskin", "uv": [ 0.0, 0.0, 2.5, 0.375 ], "autoUv": false },
										"down": { "texture": "#bonebowskin", "uv": [ 0.0, 0.0, 2.875, 0.5 ], "autoUv": false }
									}
								},
								{
									"name": "bonesup2",
									"from": [ 0.0, 0.1, -0.4 ],
									"to": [ 1.0, 0.6, 1.0 ],
									"rotationOrigin": [ 0.0, 0.3, 0.0 ],
									"faces": {
										"north": { "texture": "#bonebowskin", "uv": [ 0.5, 6.25, 1.5, 6.75 ] },
										"east": { "texture": "#bonebowskin", "uv": [ 0.125, 6.375, 1.5, 6.875 ] },
										"south": { "texture": "#bonebowskin", "uv": [ 0.625, 6.25, 1.625, 6.75 ] },
										"west": { "texture": "#bonebowskin", "uv": [ 0.375, 7.375, 1.75, 7.875 ] },
										"up": { "texture": "#bonebowskin", "uv": [ 0.75, 6.375, 1.75, 7.75 ] },
										"down": { "texture": "#bonebowskin", "uv": [ 0.625, 6.375, 1.625, 7.75 ] }
									},
									"children": [
										{
											"name": "Cube3",
											"from": [ 0.2, 0.05, -0.2 ],
											"to": [ 1.5, 0.45, 0.2 ],
											"rotationOrigin": [ 0.5, 0.2, 0.0 ],
											"rotationY": 45.0,
											"faces": {
												"north": { "texture": "#bonebowskin", "uv": [ 0.625, 6.5, 1.875, 6.875 ] },
												"east": { "texture": "#bonebowskin", "uv": [ 1.375, 6.25, 1.75, 6.625 ] },
												"south": { "texture": "#bonebowskin", "uv": [ 0.25, 7.0, 1.5, 7.375 ] },
												"west": { "texture": "#bonebowskin", "uv": [ 0.375, 6.125, 0.75, 6.5 ] },
												"up": { "texture": "#bonebowskin", "uv": [ 0.5, 6.125, 1.75, 6.5 ] },
												"down": { "texture": "#bonebowskin", "uv": [ 0.5, 6.5, 1.75, 6.875 ] }
											}
										},
										{
											"name": "Cube4",
											"from": [ 0.5, 0.05, 1.0 ],
											"to": [ 1.5, 0.45, 1.4 ],
											"rotationOrigin": [ 0.5, 0.2, 1.0 ],
											"rotationY": -45.0,
											"faces": {
												"north": { "texture": "#bonebowskin", "uv": [ 0.25, 7.375, 1.25, 7.75 ] },
												"east": { "texture": "#bonebowskin", "uv": [ 0.5, 7.375, 0.875, 7.75 ] },
												"south": { "texture": "#bonebowskin", "uv": [ 0.625, 5.875, 1.625, 6.25 ] },
												"west": { "texture": "#bonebowskin", "uv": [ 1.375, 6.0, 1.75, 6.375 ] },
												"up": { "texture": "#bonebowskin", "uv": [ 0.625, 6.25, 1.625, 6.625 ] },
												"down": { "texture": "#bonebowskin", "uv": [ 0.5, 6.0, 1.5, 6.375 ] }
											}
										},
										{
											"name": "Cube76",
											"from": [ 0.2, -0.25, 0.2 ],
											"to": [ 0.65, 0.85, 1.4 ],
											"rotationOrigin": [ 0.3461, 0.35, 0.7 ],
											"faces": {
												"north": { "texture": "#bonebowskin", "uv": [ 0.5, 6.375, 0.875, 7.375 ] },
												"east": { "texture": "#bonebowskin", "uv": [ 0.125, 6.0, 1.25, 7.0 ] },
												"south": { "texture": "#bonebowskin", "uv": [ 0.75, 6.0, 1.125, 7.0 ] },
												"west": { "texture": "#bonebowskin", "uv": [ 0.25, 5.875, 1.375, 6.875 ] },
												"up": { "texture": "#bonebowskin", "uv": [ 0.375, 5.875, 0.75, 7.0 ] },
												"down": { "texture": "#bonebowskin", "uv": [ 0.25, 6.0, 0.625, 7.125 ] }
											}
										},
										{
											"name": "Cube5",
											"from": [ 1.5, 0.0, 0.0 ],
											"to": [ 2.5, 0.5, 1.4 ],
											"rotationOrigin": [ 2.0, 0.2, 0.4 ],
											"faces": {
												"north": { "texture": "#bonebowskin", "uv": [ 0.5, 7.125, 1.5, 7.625 ] },
												"east": { "texture": "#bonebowskin", "uv": [ 0.5, 6.125, 1.875, 6.625 ] },
												"south": { "texture": "#bonebowskin", "uv": [ 0.5, 7.125, 1.5, 7.625 ] },
												"west": { "texture": "#bonebowskin", "uv": [ 0.5, 5.875, 1.875, 6.375 ] },
												"up": { "texture": "#bonebowskin", "uv": [ 0.625, 6.25, 1.625, 7.625 ] },
												"down": { "texture": "#bonebowskin", "uv": [ 0.75, 6.125, 1.75, 7.5 ] }
											},
											"children": [
												{
													"name": "Cube6",
													"from": [ 0.2, 0.05, -0.2 ],
													"to": [ 1.7, 0.45, 0.2 ],
													"rotationOrigin": [ 0.5, 0.2, 0.0 ],
													"rotationY": 45.0,
													"faces": {
														"north": { "texture": "#bonebowskin", "uv": [ 0.125, 6.0, 1.625, 6.375 ] },
														"east": { "texture": "#bonebowskin", "uv": [ 0.625, 6.625, 1.0, 7.0 ] },
														"south": { "texture": "#bonebowskin", "uv": [ 0.125, 6.0, 1.625, 6.375 ] },
														"west": { "texture": "#bonebowskin", "uv": [ 0.5, 6.375, 0.875, 6.75 ] },
														"up": { "texture": "#bonebowskin", "uv": [ 0.25, 6.25, 1.75, 6.625 ] },
														"down": { "texture": "#bonebowskin", "uv": [ 0.25, 7.25, 1.75, 7.625 ] }
													}
												},
												{
													"name": "Cube7",
													"from": [ 0.5, 0.05, 1.0 ],
													"to": [ 1.5, 0.45, 1.4 ],
													"rotationOrigin": [ 0.5, 0.2, 1.0 ],
													"rotationY": -45.0,
													"faces": {
														"north": { "texture": "#bonebowskin", "uv": [ 0.75, 6.625, 1.75, 7.0 ] },
														"east": { "texture": "#bonebowskin", "uv": [ 1.25, 6.75, 1.625, 7.125 ] },
														"south": { "texture": "#bonebowskin", "uv": [ 0.5, 6.875, 1.5, 7.25 ] },
														"west": { "texture": "#bonebowskin", "uv": [ 0.875, 6.25, 1.25, 6.625 ] },
														"up": { "texture": "#bonebowskin", "uv": [ 0.625, 6.75, 1.625, 7.125 ] },
														"down": { "texture": "#bonebowskin", "uv": [ 0.625, 6.5, 1.625, 6.875 ] }
													}
												},
												{
													"name": "Cube77",
													"from": [ 0.2, -0.25, 0.2 ],
													"to": [ 0.65, 0.85, 1.4 ],
													"rotationOrigin": [ -0.1539, 0.35, 0.7 ],
													"faces": {
														"north": { "texture": "#bonebowskin", "uv": [ 0.5, 6.375, 0.875, 7.375 ] },
														"east": { "texture": "#bonebowskin", "uv": [ 0.125, 6.0, 1.25, 7.0 ] },
														"south": { "texture": "#bonebowskin", "uv": [ 0.75, 6.0, 1.125, 7.0 ] },
														"west": { "texture": "#bonebowskin", "uv": [ 0.25, 5.875, 1.375, 6.875 ] },
														"up": { "texture": "#bonebowskin", "uv": [ 0.375, 5.875, 0.75, 7.0 ] },
														"down": { "texture": "#bonebowskin", "uv": [ 0.25, 6.0, 0.625, 7.125 ] }
													}
												}
											]
										},
										{
											"name": "Cube8",
											"from": [ 3.0, 0.0, 0.0 ],
											"to": [ 4.0, 0.5, 1.4 ],
											"rotationOrigin": [ 3.5, 0.2, 0.4 ],
											"faces": {
												"north": { "texture": "#bonebowskin", "uv": [ 0.75, 7.0, 1.75, 7.5 ] },
												"east": { "texture": "#bonebowskin", "uv": [ 0.5, 6.0, 1.875, 6.5 ] },
												"south": { "texture": "#bonebowskin", "uv": [ 0.625, 7.0, 1.625, 7.5 ] },
												"west": { "texture": "#bonebowskin", "uv": [ 0.5, 7.0, 1.875, 7.5 ] },
												"up": { "texture": "#bonebowskin", "uv": [ 0.625, 6.125, 1.625, 7.5 ] },
												"down": { "texture": "#bonebowskin", "uv": [ 0.5, 6.125, 1.5, 7.5 ] }
											},
											"children": [
												{
													"name": "Cube9",
													"from": [ 0.2, 0.05, -0.2 ],
													"to": [ 1.5, 0.45, 0.2 ],
													"rotationOrigin": [ 0.5, 0.2, 0.0 ],
													"rotationY": 45.0,
													"faces": {
														"north": { "texture": "#bonebowskin", "uv": [ 0.25, 6.5, 1.5, 6.875 ] },
														"east": { "texture": "#bonebowskin", "uv": [ 0.5, 6.5, 0.875, 6.875 ] },
														"south": { "texture": "#bonebowskin", "uv": [ 0.625, 6.25, 1.875, 6.625 ] },
														"west": { "texture": "#bonebowskin", "uv": [ 0.625, 6.625, 1.0, 7.0 ] },
														"up": { "texture": "#bonebowskin", "uv": [ 0.5, 6.25, 1.75, 6.625 ] },
														"down": { "texture": "#bonebowskin", "uv": [ 0.25, 6.25, 1.5, 6.625 ] }
													}
												},
												{
													"name": "Cube10",
													"from": [ 0.5, 0.05, 1.0 ],
													"to": [ 1.5, 0.45, 1.4 ],
													"rotationOrigin": [ 0.5, 0.2, 1.0 ],
													"rotationY": -45.0,
													"faces": {
														"north": { "texture": "#bonebowskin", "uv": [ 0.25, 6.25, 1.25, 6.625 ] },
														"east": { "texture": "#bonebowskin", "uv": [ 0.75, 6.875, 1.125, 7.25 ] },
														"south": { "texture": "#bonebowskin", "uv": [ 0.75, 6.5, 1.75, 6.875 ] },
														"west": { "texture": "#bonebowskin", "uv": [ 0.5, 6.25, 0.875, 6.625 ] },
														"up": { "texture": "#bonebowskin", "uv": [ 0.875, 6.25, 1.875, 6.625 ] },
														"down": { "texture": "#bonebowskin", "uv": [ 0.0, 0.0, 1.0, 0.375 ] }
													}
												},
												{
													"name": "Cube78",
													"from": [ 0.2, -0.25, 0.2 ],
													"to": [ 0.65, 0.85, 1.4 ],
													"rotationOrigin": [ 0.3, 0.35, 0.7 ],
													"faces": {
														"north": { "texture": "#bonebowskin", "uv": [ 0.5, 6.375, 0.875, 7.375 ] },
														"east": { "texture": "#bonebowskin", "uv": [ 0.125, 6.0, 1.25, 7.0 ] },
														"south": { "texture": "#bonebowskin", "uv": [ 0.75, 6.0, 1.125, 7.0 ] },
														"west": { "texture": "#bonebowskin", "uv": [ 0.25, 5.875, 1.375, 6.875 ] },
														"up": { "texture": "#bonebowskin", "uv": [ 0.375, 5.875, 0.75, 7.0 ] },
														"down": { "texture": "#bonebowskin", "uv": [ 0.25, 6.0, 0.625, 7.125 ] }
													}
												}
											]
										},
										{
											"name": "Cube11",
											"from": [ 4.5, 0.0, 0.0 ],
											"to": [ 5.5, 0.5, 1.4 ],
											"rotationOrigin": [ 5.0, 0.2, 0.4 ],
											"faces": {
												"north": { "texture": "#bonebowskin", "uv": [ 0.625, 6.875, 1.625, 7.375 ] },
												"east": { "texture": "#bonebowskin", "uv": [ 0.25, 5.875, 1.625, 6.375 ] },
												"south": { "texture": "#bonebowskin", "uv": [ 0.625, 6.25, 1.625, 6.75 ] },
												"west": { "texture": "#bonebowskin", "uv": [ 0.625, 7.25, 2.0, 7.75 ] },
												"up": { "texture": "#bonebowskin", "uv": [ 0.875, 6.25, 1.875, 7.625 ] },
												"down": { "texture": "#bonebowskin", "uv": [ 0.625, 6.0, 1.625, 7.375 ] }
											},
											"children": [
												{
													"name": "Cube12",
													"from": [ 0.2, 0.05, -0.2 ],
													"to": [ 1.4, 0.45, 0.2 ],
													"rotationOrigin": [ 0.5, 0.2, 0.0 ],
													"rotationY": 45.0,
													"faces": {
														"north": { "texture": "#bonebowskin", "uv": [ 0.125, 6.25, 1.25, 6.625 ] },
														"east": { "texture": "#bonebowskin", "uv": [ 0.875, 6.125, 1.25, 6.5 ] },
														"south": { "texture": "#bonebowskin", "uv": [ 0.125, 6.375, 1.25, 6.75 ] },
														"west": { "texture": "#bonebowskin", "uv": [ 1.125, 5.875, 1.5, 6.25 ] },
														"up": { "texture": "#bonebowskin", "uv": [ 0.875, 5.875, 2.0, 6.25 ] },
														"down": { "texture": "#bonebowskin", "uv": [ 0.875, 6.5, 2.0, 6.875 ] }
													}
												},
												{
													"name": "Cube13",
													"from": [ 0.5, 0.05, 1.0 ],
													"to": [ 1.3, 0.45, 1.4 ],
													"rotationOrigin": [ 0.5, 0.2, 1.0 ],
													"rotationY": -90.0,
													"faces": {
														"north": { "texture": "#bonebowskin", "uv": [ 0.75, 6.0, 1.5, 6.375 ] },
														"east": { "texture": "#bonebowskin", "uv": [ 1.125, 6.0, 1.5, 6.375 ] },
														"south": { "texture": "#bonebowskin", "uv": [ 0.625, 6.25, 1.375, 6.625 ] },
														"west": { "texture": "#bonebowskin", "uv": [ 1.0, 6.25, 1.375, 6.625 ] },
														"up": { "texture": "#bonebowskin", "uv": [ 0.625, 6.125, 1.375, 6.5 ] },
														"down": { "texture": "#bonebowskin", "uv": [ 0.625, 6.25, 1.375, 6.625 ] }
													}
												},
												{
													"name": "Cube79",
													"from": [ 0.25, -0.25, 0.2 ],
													"to": [ 0.7, 0.85, 1.4 ],
													"rotationOrigin": [ 0.5, 0.35, 0.7 ],
													"faces": {
														"north": { "texture": "#bonebowskin", "uv": [ 0.5, 6.375, 0.875, 7.375 ] },
														"east": { "texture": "#bonebowskin", "uv": [ 0.125, 6.0, 1.25, 7.0 ] },
														"south": { "texture": "#bonebowskin", "uv": [ 0.75, 6.0, 1.125, 7.0 ] },
														"west": { "texture": "#bonebowskin", "uv": [ 0.25, 5.875, 1.375, 6.875 ] },
														"up": { "texture": "#bonebowskin", "uv": [ 0.375, 5.875, 0.75, 7.0 ] },
														"down": { "texture": "#bonebowskin", "uv": [ 0.25, 6.0, 0.625, 7.125 ] }
													}
												}
											]
										}
									]
								}
							]
						},
						{
							"name": "BowLimbDown",
							"from": [ -5.9, 0.1, 0.1 ],
							"to": [ 0.1, 0.9, 0.9 ],
							"rotationOrigin": [ 0.1, 0.4, 0.4 ],
							"rotationY": -20.0,
							"faces": {
								"north": { "texture": "#bonebowskin", "uv": [ 3.25, 3.5, 5.875, 4.25 ], "autoUv": false },
								"south": { "texture": "#bonebowskin", "uv": [ 3.25, 3.375, 5.875, 4.375 ], "autoUv": false },
								"west": { "texture": "#bonebowskin", "uv": [ 3.125, 3.25, 3.875, 4.0 ] },
								"up": { "texture": "#bonebowskin", "uv": [ 3.25, 3.375, 6.0, 4.125 ], "autoUv": false },
								"down": { "texture": "#bonebowskin", "uv": [ 3.25, 3.75, 6.125, 4.5 ], "autoUv": false }
							},
							"children": [
								{
									"name": "BowTipDown",
									"from": [ -6.9, 0.1, 0.1 ],
									"to": [ 0.5, 0.7, 0.7 ],
									"rotationOrigin": [ 0.5, 0.4, 0.4 ],
									"rotationY": 45.0,
									"faces": {
										"north": { "texture": "#bonebowskin", "uv": [ 3.25, 3.375, 6.0, 3.875 ], "autoUv": false },
										"east": { "texture": "#bonebowskin", "uv": [ 3.25, 3.5, 3.75, 4.0 ] },
										"south": { "texture": "#bonebowskin", "uv": [ 3.25, 3.25, 5.75, 4.0 ], "autoUv": false },
										"west": { "texture": "#bonebowskin", "uv": [ 3.75, 3.625, 4.25, 4.125 ] },
										"up": { "texture": "#bonebowskin", "uv": [ 3.25, 4.125, 5.875, 4.625 ], "autoUv": false },
										"down": { "texture": "#bonebowskin", "uv": [ 3.25, 3.125, 6.125, 3.5 ], "autoUv": false }
									},
									"children": [
										{
											"name": "BowStringDown1",
											"from": [ 0.6, 0.2, 0.5 ],
											"to": [ 8.8, 0.4, 0.7 ],
											"rotationOrigin": [ 0.6, 0.3, 0.6 ],
											"rotationY": -26.0,
											"faces": {
												"north": { "texture": "#bonebowskin", "uv": [ 6.5, 0.125, 6.625, 3.75 ], "autoUv": false },
												"east": { "texture": "#bonebowskin", "uv": [ 6.5, 0.625, 6.625, 0.75 ] },
												"south": { "texture": "#bonebowskin", "uv": [ 6.625, 0.5, 6.75, 3.75 ], "autoUv": false },
												"west": { "texture": "#bonebowskin", "uv": [ 6.875, 0.375, 7.0, 0.5 ] },
												"up": { "texture": "#bonebowskin", "uv": [ 6.625, 0.125, 6.75, 3.125 ], "autoUv": false },
												"down": { "texture": "#bonebowskin", "uv": [ 7.125, 0.5, 7.25, 3.5 ], "autoUv": false }
											},
											"children": [
												{
													"name": "BowStringDown2",
													"from": [ 8.2, 0.0, 0.0 ],
													"to": [ 13.4, 0.2, 0.2 ],
													"rotationOrigin": [ 8.2, 0.0, 0.0 ],
													"faces": {
														"north": { "texture": "#bonebowskin", "uv": [ 6.875, 0.375, 7.125, 3.375 ], "autoUv": false },
														"east": { "texture": "#bonebowskin", "uv": [ 6.75, 0.25, 6.875, 0.375 ] },
														"south": { "texture": "#bonebowskin", "uv": [ 6.625, 0.75, 6.75, 3.75 ], "autoUv": false },
														"west": { "texture": "#bonebowskin", "uv": [ 6.5, 0.625, 6.625, 0.75 ] },
														"up": { "texture": "#bonebowskin", "uv": [ 6.75, 0.25, 6.875, 3.375 ], "autoUv": false },
														"down": { "texture": "#bonebowskin", "uv": [ 6.5, 0.75, 6.625, 3.75 ], "autoUv": false }
													}
												}
											]
										},
										{
											"name": "BowNotchDown",
											"from": [ 0.5, -0.2, -0.1 ],
											"to": [ 1.1, 0.8, 0.7 ],
											"rotationOrigin": [ 0.5, 0.3, 0.3 ],
											"faces": {
												"north": { "texture": "#bonebowskin", "uv": [ 6.5, 0.5, 7.0, 1.5 ] },
												"east": { "texture": "#bonebowskin", "uv": [ 6.625, 0.375, 7.375, 1.375 ] },
												"south": { "texture": "#bonebowskin", "uv": [ 6.5, 0.5, 7.0, 1.5 ] },
												"west": { "texture": "#bonebowskin", "uv": [ 6.5, 0.5, 7.25, 1.5 ] },
												"up": { "texture": "#bonebowskin", "uv": [ 6.5, 0.5, 7.0, 1.25 ] },
												"down": { "texture": "#bonebowskin", "uv": [ 6.625, 0.25, 7.125, 1.0 ] }
											}
										},
										{
											"name": "BowCompositeDown2",
											"from": [ 0.1, -0.11, 0.1 ],
											"to": [ 7.3, 0.69, 0.4 ],
											"rotationOrigin": [ 7.5, 0.3, 0.3 ],
											"faces": {
												"north": { "texture": "#bonebowskin", "uv": [ 1.25, 0.25, 2.125, 2.625 ], "autoUv": false },
												"east": { "texture": "#bonebowskin", "uv": [ 2.0, 0.625, 2.25, 1.375 ] },
												"south": { "texture": "#bonebowskin", "uv": [ 1.25, 0.25, 2.0, 2.75 ], "autoUv": false },
												"west": { "texture": "#bonebowskin", "uv": [ 1.625, 0.125, 1.875, 0.875 ] },
												"up": { "texture": "#bonebowskin", "uv": [ 1.0, 0.25, 1.625, 2.5 ], "autoUv": false },
												"down": { "texture": "#bonebowskin", "uv": [ 1.5, 0.125, 2.0, 2.375 ], "autoUv": false }
											}
										},
										{
											"name": "RecurveDown",
											"from": [ -1.8, 0.1, 0.1 ],
											"to": [ 0.2, 0.5, 0.5 ],
											"rotationOrigin": [ 0.2, 0.3, 0.3 ],
											"rotationY": -45.0,
											"faces": {
												"north": { "texture": "#bonebowskin", "uv": [ 3.25, 3.25, 5.25, 3.625 ] },
												"east": { "texture": "#bonebowskin", "uv": [ 3.5, 3.375, 3.875, 3.75 ] },
												"south": { "texture": "#bonebowskin", "uv": [ 3.5, 3.0, 5.5, 3.375 ] },
												"west": { "texture": "#bonebowskin", "uv": [ 3.625, 3.375, 4.0, 3.75 ] },
												"up": { "texture": "#bonebowskin", "uv": [ 3.25, 3.25, 5.25, 3.625 ] },
												"down": { "texture": "#bonebowskin", "uv": [ 3.5, 3.25, 5.5, 3.625 ] }
											}
										},
										{
											"name": "bonesdown",
											"from": [ 7.0, 0.05, -0.2 ],
											"to": [ 8.0, 0.55, 1.1 ],
											"rotationOrigin": [ 7.6121, 0.2, -0.205 ],
											"rotationY": -10.0,
											"faces": {
												"north": { "texture": "#bonebowskin", "uv": [ 0.25, 5.875, 1.25, 6.375 ] },
												"east": { "texture": "#bonebowskin", "uv": [ 0.125, 6.125, 1.375, 6.625 ] },
												"south": { "texture": "#bonebowskin", "uv": [ 0.5, 5.875, 1.5, 6.375 ] },
												"west": { "texture": "#bonebowskin", "uv": [ 0.125, 6.0, 1.375, 6.5 ] },
												"up": { "texture": "#bonebowskin", "uv": [ 0.5, 6.0, 1.5, 7.25 ] },
												"down": { "texture": "#bonebowskin", "uv": [ 0.375, 6.0, 1.375, 7.25 ] }
											},
											"children": [
												{
													"name": "Cube46",
													"from": [ -0.75, 0.05, 0.0 ],
													"to": [ 0.55, 0.45, 0.4 ],
													"rotationOrigin": [ 0.5, 0.2, 0.2 ],
													"rotationY": -50.0,
													"faces": {
														"north": { "texture": "#bonebowskin", "uv": [ 0.125, 6.125, 1.375, 6.5 ] },
														"east": { "texture": "#bonebowskin", "uv": [ 0.125, 6.25, 0.5, 6.625 ] },
														"south": { "texture": "#bonebowskin", "uv": [ 0.5, 6.125, 1.75, 6.5 ] },
														"west": { "texture": "#bonebowskin", "uv": [ 0.5, 5.875, 0.875, 6.25 ] },
														"up": { "texture": "#bonebowskin", "uv": [ 0.375, 6.0, 1.625, 6.375 ] },
														"down": { "texture": "#bonebowskin", "uv": [ 0.5, 6.0, 1.75, 6.375 ] }
													}
												},
												{
													"name": "Cube47",
													"from": [ 0.7, 0.05, 1.2 ],
													"to": [ 1.1, 0.45, 2.2 ],
													"rotationOrigin": [ 1.0, 0.0, 0.6 ],
													"rotationY": -50.0,
													"faces": {
														"north": { "texture": "#bonebowskin", "uv": [ 1.25, 6.375, 1.625, 6.75 ] },
														"east": { "texture": "#bonebowskin", "uv": [ 0.5, 6.25, 1.5, 6.625 ] },
														"south": { "texture": "#bonebowskin", "uv": [ 0.625, 6.5, 1.0, 6.875 ] },
														"west": { "texture": "#bonebowskin", "uv": [ 0.375, 6.0, 1.375, 6.375 ] },
														"up": { "texture": "#bonebowskin", "uv": [ 0.5, 6.875, 0.875, 7.875 ] },
														"down": { "texture": "#bonebowskin", "uv": [ 1.0, 5.875, 1.375, 6.875 ] }
													}
												},
												{
													"name": "Cube48",
													"from": [ -1.1472, 0.0, 0.1366 ],
													"to": [ -0.1472, 0.5, 1.2366 ],
													"rotationOrigin": [ -1.2351, 0.2, 1.0366 ],
													"rotationY": 10.0,
													"faces": {
														"north": { "texture": "#bonebowskin", "uv": [ 0.375, 6.25, 1.375, 6.75 ] },
														"east": { "texture": "#bonebowskin", "uv": [ 0.375, 6.125, 1.375, 6.625 ] },
														"south": { "texture": "#bonebowskin", "uv": [ 0.625, 6.125, 1.625, 6.625 ] },
														"west": { "texture": "#bonebowskin", "uv": [ 0.375, 6.125, 1.375, 6.625 ] },
														"up": { "texture": "#bonebowskin", "uv": [ 0.5, 6.625, 1.5, 7.625 ] },
														"down": { "texture": "#bonebowskin", "uv": [ 0.625, 6.375, 1.625, 7.375 ] }
													},
													"children": [
														{
															"name": "Cube49",
															"from": [ -0.75, 0.05, 0.0 ],
															"to": [ 0.55, 0.45, 0.4 ],
															"rotationOrigin": [ 0.5, 0.2, 0.2 ],
															"rotationY": -50.0,
															"faces": {
																"north": { "texture": "#bonebowskin", "uv": [ 0.625, 6.0, 1.875, 6.375 ] },
																"east": { "texture": "#bonebowskin", "uv": [ 1.625, 6.625, 2.0, 7.0 ] },
																"south": { "texture": "#bonebowskin", "uv": [ 0.375, 6.125, 1.625, 6.5 ] },
																"west": { "texture": "#bonebowskin", "uv": [ 0.375, 6.125, 0.75, 6.5 ] },
																"up": { "texture": "#bonebowskin", "uv": [ 0.125, 6.375, 1.375, 6.75 ] },
																"down": { "texture": "#bonebowskin", "uv": [ 0.625, 5.875, 1.875, 6.25 ] }
															}
														},
														{
															"name": "Cube50",
															"from": [ 0.7, 0.05, 1.2 ],
															"to": [ 1.1, 0.45, 2.2 ],
															"rotationOrigin": [ 1.0, 0.0, 0.6 ],
															"rotationY": -50.0,
															"faces": {
																"north": { "texture": "#bonebowskin", "uv": [ 1.375, 6.75, 1.75, 7.125 ] },
																"east": { "texture": "#bonebowskin", "uv": [ 0.875, 6.0, 1.875, 6.375 ] },
																"south": { "texture": "#bonebowskin", "uv": [ 1.125, 6.875, 1.5, 7.25 ] },
																"west": { "texture": "#bonebowskin", "uv": [ 1.0, 6.375, 2.0, 6.75 ] },
																"up": { "texture": "#bonebowskin", "uv": [ 1.625, 5.875, 2.0, 6.875 ] },
																"down": { "texture": "#bonebowskin", "uv": [ 1.5, 6.125, 1.875, 7.125 ] }
															}
														},
														{
															"name": "Cube71",
															"from": [ 0.1907, -0.25, 0.2 ],
															"to": [ 0.6407, 0.75, 1.2 ],
															"rotationOrigin": [ 0.5295, 0.3, 0.7034 ],
															"rotationY": -5.0,
															"faces": {
																"north": { "texture": "#bonebowskin", "uv": [ 0.5, 6.375, 0.875, 7.375 ] },
																"east": { "texture": "#bonebowskin", "uv": [ 0.125, 6.0, 1.125, 7.0 ] },
																"south": { "texture": "#bonebowskin", "uv": [ 0.75, 6.0, 1.125, 7.0 ] },
																"west": { "texture": "#bonebowskin", "uv": [ 0.25, 5.875, 1.25, 6.875 ] },
																"up": { "texture": "#bonebowskin", "uv": [ 0.375, 5.875, 0.75, 6.875 ] },
																"down": { "texture": "#bonebowskin", "uv": [ 0.25, 6.0, 0.625, 7.0 ] }
															}
														}
													]
												},
												{
													"name": "Cube51",
													"from": [ -2.332, 0.0, 0.4106 ],
													"to": [ -1.332, 0.5, 1.4106 ],
													"rotationOrigin": [ -2.222, 0.2, 1.2106 ],
													"rotationY": 10.0,
													"faces": {
														"north": { "texture": "#bonebowskin", "uv": [ 0.5, 6.375, 1.5, 6.875 ] },
														"east": { "texture": "#bonebowskin", "uv": [ 0.625, 6.5, 1.625, 7.0 ] },
														"south": { "texture": "#bonebowskin", "uv": [ 0.625, 5.875, 1.625, 6.375 ] },
														"west": { "texture": "#bonebowskin", "uv": [ 0.75, 6.25, 1.75, 6.75 ] },
														"up": { "texture": "#bonebowskin", "uv": [ 1.0, 6.25, 2.0, 7.25 ] },
														"down": { "texture": "#bonebowskin", "uv": [ 0.875, 6.125, 1.875, 7.125 ] }
													},
													"children": [
														{
															"name": "Cube52",
															"from": [ -0.65, 0.05, 0.0 ],
															"to": [ 0.45, 0.45, 0.4 ],
															"rotationOrigin": [ 0.5, 0.2, 0.2 ],
															"rotationY": -50.0,
															"faces": {
																"north": { "texture": "#bonebowskin", "uv": [ 0.5, 5.875, 1.5, 6.25 ] },
																"east": { "texture": "#bonebowskin", "uv": [ 1.625, 6.125, 2.0, 6.5 ] },
																"south": { "texture": "#bonebowskin", "uv": [ 0.375, 5.875, 1.375, 6.25 ] },
																"west": { "texture": "#bonebowskin", "uv": [ 1.375, 6.25, 1.75, 6.625 ] },
																"up": { "texture": "#bonebowskin", "uv": [ 1.0, 6.0, 2.0, 6.375 ] },
																"down": { "texture": "#bonebowskin", "uv": [ 0.875, 6.0, 1.875, 6.375 ] }
															}
														},
														{
															"name": "Cube53",
															"from": [ 0.7, 0.05, 1.0 ],
															"to": [ 1.1, 0.45, 1.9 ],
															"rotationOrigin": [ 1.0, 0.0, 0.6 ],
															"rotationY": -50.0,
															"faces": {
																"north": { "texture": "#bonebowskin", "uv": [ 1.625, 6.375, 2.0, 6.75 ] },
																"east": { "texture": "#bonebowskin", "uv": [ 0.875, 7.25, 1.75, 7.625 ] },
																"south": { "texture": "#bonebowskin", "uv": [ 1.5, 6.875, 1.875, 7.25 ] },
																"west": { "texture": "#bonebowskin", "uv": [ 0.75, 7.5, 1.625, 7.875 ] },
																"up": { "texture": "#bonebowskin", "uv": [ 1.625, 6.5, 2.0, 7.375 ] },
																"down": { "texture": "#bonebowskin", "uv": [ 1.625, 6.125, 2.0, 7.0 ] }
															}
														},
														{
															"name": "Cube72",
															"from": [ 0.2, -0.25, 0.05 ],
															"to": [ 0.65, 0.75, 1.05 ],
															"rotationOrigin": [ 0.7295, 0.3, 0.6034 ],
															"rotationY": -1.0,
															"faces": {
																"north": { "texture": "#bonebowskin", "uv": [ 0.5, 6.375, 0.875, 7.375 ] },
																"east": { "texture": "#bonebowskin", "uv": [ 0.125, 6.0, 1.125, 7.0 ] },
																"south": { "texture": "#bonebowskin", "uv": [ 0.75, 6.0, 1.125, 7.0 ] },
																"west": { "texture": "#bonebowskin", "uv": [ 0.25, 5.875, 1.25, 6.875 ] },
																"up": { "texture": "#bonebowskin", "uv": [ 0.375, 5.875, 0.75, 6.875 ] },
																"down": { "texture": "#bonebowskin", "uv": [ 0.25, 6.0, 0.625, 7.0 ] }
															}
														}
													]
												},
												{
													"name": "Cube54",
													"from": [ -3.5168, 0.0, 0.7 ],
													"to": [ -2.5168, 0.5, 1.7 ],
													"rotationOrigin": [ -3.2068, 0.2, 1.3842 ],
													"rotationY": 10.0,
													"faces": {
														"north": { "texture": "#bonebowskin", "uv": [ 1.0, 6.0, 2.0, 6.5 ] },
														"east": { "texture": "#bonebowskin", "uv": [ 0.75, 6.0, 1.75, 6.5 ] },
														"south": { "texture": "#bonebowskin", "uv": [ 1.0, 6.25, 2.0, 6.75 ] },
														"west": { "texture": "#bonebowskin", "uv": [ 0.0, 0.0, 1.0, 0.5 ] },
														"up": { "texture": "#bonebowskin", "uv": [ 0.25, 5.75, 1.25, 6.75 ] },
														"down": { "texture": "#bonebowskin", "uv": [ 0.375, 5.875, 1.375, 6.875 ] }
													},
													"children": [
														{
															"name": "Cube55",
															"from": [ -0.45, 0.05, 0.0 ],
															"to": [ 0.65, 0.45, 0.4 ],
															"rotationOrigin": [ 0.5, 0.2, 0.2 ],
															"rotationY": -50.0,
															"faces": {
																"north": { "texture": "#bonebowskin", "uv": [ 0.75, 6.0, 1.75, 6.375 ] },
																"east": { "texture": "#bonebowskin", "uv": [ 1.25, 6.125, 1.625, 6.5 ] },
																"south": { "texture": "#bonebowskin", "uv": [ 1.0, 6.0, 2.0, 6.375 ] },
																"west": { "texture": "#bonebowskin", "uv": [ 1.625, 6.0, 2.0, 6.375 ] },
																"up": { "texture": "#bonebowskin", "uv": [ 1.0, 5.875, 2.0, 6.25 ] },
																"down": { "texture": "#bonebowskin", "uv": [ 0.75, 5.5, 1.75, 5.875 ] }
															}
														},
														{
															"name": "Cube56",
															"from": [ 0.7, 0.05, 1.0 ],
															"to": [ 1.1, 0.45, 1.9 ],
															"rotationOrigin": [ 1.0, 0.0, 0.6 ],
															"rotationY": -50.0,
															"faces": {
																"north": { "texture": "#bonebowskin", "uv": [ 1.375, 6.375, 1.75, 6.75 ] },
																"east": { "texture": "#bonebowskin", "uv": [ 1.125, 5.875, 2.0, 6.25 ] },
																"south": { "texture": "#bonebowskin", "uv": [ 1.75, 6.125, 2.125, 6.5 ] },
																"west": { "texture": "#bonebowskin", "uv": [ 1.0, 5.875, 1.875, 6.25 ] },
																"up": { "texture": "#bonebowskin", "uv": [ 1.5, 6.125, 1.875, 7.0 ] },
																"down": { "texture": "#bonebowskin", "uv": [ 1.75, 6.0, 2.125, 6.875 ] }
															}
														},
														{
															"name": "Cube73",
															"from": [ 0.2, -0.25, -0.0658 ],
															"to": [ 0.65, 0.75, 0.9342 ],
															"rotationOrigin": [ 0.9295, 0.3, 0.4876 ],
															"rotationY": -1.0,
															"faces": {
																"north": { "texture": "#bonebowskin", "uv": [ 0.5, 6.375, 0.875, 7.375 ] },
																"east": { "texture": "#bonebowskin", "uv": [ 0.125, 6.0, 1.125, 7.0 ] },
																"south": { "texture": "#bonebowskin", "uv": [ 0.75, 6.0, 1.125, 7.0 ] },
																"west": { "texture": "#bonebowskin", "uv": [ 0.25, 5.875, 1.25, 6.875 ] },
																"up": { "texture": "#bonebowskin", "uv": [ 0.375, 5.875, 0.75, 6.875 ] },
																"down": { "texture": "#bonebowskin", "uv": [ 0.25, 6.0, 0.625, 7.0 ] }
															}
														}
													]
												},
												{
													"name": "Cube57",
													"from": [ -4.7016, 0.0, 0.95 ],
													"to": [ -3.7016, 0.5, 1.75 ],
													"rotationOrigin": [ -4.1916, 0.2, 1.5579 ],
													"rotationY": 10.0,
													"faces": {
														"north": { "texture": "#bonebowskin", "uv": [ 0.75, 6.0, 1.75, 6.5 ] },
														"east": { "texture": "#bonebowskin", "uv": [ 1.25, 5.75, 2.0, 6.25 ] },
														"south": { "texture": "#bonebowskin", "uv": [ 0.625, 5.75, 1.625, 6.25 ] },
														"west": { "texture": "#bonebowskin", "uv": [ 1.25, 6.625, 2.0, 7.125 ] },
														"up": { "texture": "#bonebowskin", "uv": [ 1.125, 5.75, 2.125, 6.5 ] },
														"down": { "texture": "#bonebowskin", "uv": [ 1.0, 5.875, 2.0, 6.625 ] }
													},
													"children": [
														{
															"name": "Cube58",
															"from": [ -0.2, 0.05, -0.3 ],
															"to": [ 0.6, 0.45, 0.1 ],
															"rotationOrigin": [ 0.2, 0.2, 0.0 ],
															"rotationY": -50.0,
															"faces": {
																"north": { "texture": "#bonebowskin", "uv": [ 1.125, 6.25, 1.875, 6.625 ] },
																"east": { "texture": "#bonebowskin", "uv": [ 0.25, 6.0, 0.625, 6.375 ] },
																"south": { "texture": "#bonebowskin", "uv": [ 0.625, 5.875, 1.375, 6.25 ] },
																"west": { "texture": "#bonebowskin", "uv": [ 0.625, 6.875, 1.0, 7.25 ] },
																"up": { "texture": "#bonebowskin", "uv": [ 0.875, 6.25, 1.625, 6.625 ] },
																"down": { "texture": "#bonebowskin", "uv": [ 0.625, 5.875, 1.375, 6.25 ] }
															}
														},
														{
															"name": "Cube59",
															"from": [ 0.7, 0.05, 0.7 ],
															"to": [ 1.1, 0.45, 1.5 ],
															"rotationOrigin": [ 1.0, 0.0, 0.4 ],
															"rotationY": -45.0,
															"faces": {
																"north": { "texture": "#bonebowskin", "uv": [ 0.25, 6.5, 0.625, 6.875 ] },
																"east": { "texture": "#bonebowskin", "uv": [ 0.5, 7.5, 1.25, 7.875 ] },
																"south": { "texture": "#bonebowskin", "uv": [ 0.25, 6.125, 0.625, 6.5 ] },
																"west": { "texture": "#bonebowskin", "uv": [ 0.5, 7.5, 1.25, 7.875 ] },
																"up": { "texture": "#bonebowskin", "uv": [ 0.25, 6.625, 0.625, 7.375 ] },
																"down": { "texture": "#bonebowskin", "uv": [ 0.125, 6.875, 0.5, 7.625 ] }
															}
														},
														{
															"name": "Cube74",
															"from": [ 0.2, -0.25, -0.1421 ],
															"to": [ 0.65, 0.75, 0.8579 ],
															"rotationOrigin": [ 1.1295, 0.3, 0.4113 ],
															"rotationY": -1.0,
															"faces": {
																"north": { "texture": "#bonebowskin", "uv": [ 0.5, 6.375, 0.875, 7.375 ] },
																"east": { "texture": "#bonebowskin", "uv": [ 0.125, 6.0, 1.125, 7.0 ] },
																"south": { "texture": "#bonebowskin", "uv": [ 0.75, 6.0, 1.125, 7.0 ] },
																"west": { "texture": "#bonebowskin", "uv": [ 0.25, 5.875, 1.25, 6.875 ] },
																"up": { "texture": "#bonebowskin", "uv": [ 0.375, 5.875, 0.75, 6.875 ] },
																"down": { "texture": "#bonebowskin", "uv": [ 0.25, 6.0, 0.625, 7.0 ] }
															}
														}
													]
												},
												{
													"name": "Cube60",
													"from": [ -5.7864, 0.0, 1.1 ],
													"to": [ -4.7864, 0.5, 1.9 ],
													"rotationOrigin": [ -5.1764, 0.2, 1.7315 ],
													"rotationY": 10.0,
													"faces": {
														"north": { "texture": "#bonebowskin", "uv": [ 1.0, 5.75, 2.0, 6.25 ] },
														"east": { "texture": "#bonebowskin", "uv": [ 1.375, 5.875, 2.125, 6.375 ] },
														"south": { "texture": "#bonebowskin", "uv": [ 0.75, 5.75, 1.75, 6.25 ] },
														"west": { "texture": "#bonebowskin", "uv": [ 1.25, 7.25, 2.0, 7.75 ] },
														"up": { "texture": "#bonebowskin", "uv": [ 0.75, 6.75, 1.75, 7.5 ] },
														"down": { "texture": "#bonebowskin", "uv": [ 0.625, 6.5, 1.625, 7.25 ] }
													},
													"children": [
														{
															"name": "Cube61",
															"from": [ 0.0, 0.05, -0.3 ],
															"to": [ 0.5, 0.45, 0.1 ],
															"rotationOrigin": [ 0.2, 0.2, 0.0 ],
															"rotationY": -50.0,
															"faces": {
																"north": { "texture": "#bonebowskin", "uv": [ 0.875, 6.375, 1.375, 6.75 ] },
																"east": { "texture": "#bonebowskin", "uv": [ 0.375, 6.375, 0.75, 6.75 ] },
																"south": { "texture": "#bonebowskin", "uv": [ 0.875, 6.0, 1.375, 6.375 ] },
																"west": { "texture": "#bonebowskin", "uv": [ 0.875, 6.625, 1.25, 7.0 ] },
																"up": { "texture": "#bonebowskin", "uv": [ 0.875, 6.375, 1.375, 6.75 ] },
																"down": { "texture": "#bonebowskin", "uv": [ 0.625, 6.0, 1.125, 6.375 ] }
															}
														},
														{
															"name": "Cube62",
															"from": [ 0.8, 0.05, 0.7 ],
															"to": [ 1.2, 0.45, 1.1 ],
															"rotationOrigin": [ 1.0, 0.0, 0.4 ],
															"rotationY": -45.0,
															"faces": {
																"north": { "texture": "#bonebowskin", "uv": [ 1.5, 6.375, 1.875, 6.75 ] },
																"east": { "texture": "#bonebowskin", "uv": [ 1.375, 6.375, 1.75, 6.75 ] },
																"south": { "texture": "#bonebowskin", "uv": [ 1.25, 6.0, 1.625, 6.375 ] },
																"west": { "texture": "#bonebowskin", "uv": [ 1.25, 5.875, 1.625, 6.25 ] },
																"up": { "texture": "#bonebowskin", "uv": [ 1.375, 6.125, 1.75, 6.5 ] },
																"down": { "texture": "#bonebowskin", "uv": [ 1.375, 6.75, 1.75, 7.125 ] }
															}
														},
														{
															"name": "Cube75",
															"from": [ 0.1, -0.25, -0.1185 ],
															"to": [ 0.55, 0.75, 0.8815 ],
															"rotationOrigin": [ 0.23, 0.3, 0.4349 ],
															"rotationY": -1.0,
															"faces": {
																"north": { "texture": "#bonebowskin", "uv": [ 0.5, 6.375, 0.875, 7.375 ] },
																"east": { "texture": "#bonebowskin", "uv": [ 0.125, 6.0, 1.125, 7.0 ] },
																"south": { "texture": "#bonebowskin", "uv": [ 0.75, 6.0, 1.125, 7.0 ] },
																"west": { "texture": "#bonebowskin", "uv": [ 0.25, 5.875, 1.25, 6.875 ] },
																"up": { "texture": "#bonebowskin", "uv": [ 0.375, 5.875, 0.75, 6.875 ] },
																"down": { "texture": "#bonebowskin", "uv": [ 0.25, 6.0, 0.625, 7.0 ] }
															}
														}
													]
												},
												{
													"name": "Cube70",
													"from": [ 0.34, -0.25, 0.05 ],
													"to": [ 0.79, 0.75, 1.05 ],
													"rotationOrigin": [ 0.3388, 0.3, 0.7357 ],
													"rotationY": 5.0,
													"faces": {
														"north": { "texture": "#bonebowskin", "uv": [ 0.5, 6.375, 0.875, 7.375 ] },
														"east": { "texture": "#bonebowskin", "uv": [ 0.125, 6.0, 1.125, 7.0 ] },
														"south": { "texture": "#bonebowskin", "uv": [ 0.75, 6.0, 1.125, 7.0 ] },
														"west": { "texture": "#bonebowskin", "uv": [ 0.25, 5.875, 1.25, 6.875 ] },
														"up": { "texture": "#bonebowskin", "uv": [ 0.375, 5.875, 0.75, 6.875 ] },
														"down": { "texture": "#bonebowskin", "uv": [ 0.25, 6.0, 0.625, 7.0 ] }
													}
												}
											]
										},
										{
											"name": "Cube63",
											"from": [ -0.3366, -0.01, -0.0619 ],
											"to": [ 0.6634, 0.61, 0.4381 ],
											"rotationOrigin": [ 0.6634, 0.2, -0.0619 ],
											"rotationY": -27.5,
											"faces": {
												"north": { "texture": "#bonebowskin", "uv": [ 0.5, 6.0, 1.5, 6.5 ] },
												"east": { "texture": "#bonebowskin", "uv": [ 1.5, 6.75, 2.0, 7.25 ] },
												"south": { "texture": "#bonebowskin", "uv": [ 0.375, 6.0, 1.375, 6.5 ] },
												"west": { "texture": "#bonebowskin", "uv": [ 1.0, 6.5, 1.5, 7.0 ] },
												"up": { "texture": "#bonebowskin", "uv": [ 0.75, 6.125, 1.75, 6.625 ] },
												"down": { "texture": "#bonebowskin", "uv": [ 0.875, 6.125, 1.875, 6.625 ] }
											}
										}
									]
								},
								{
									"name": "BowCompositeDown1",
									"from": [ -0.1, -0.11, 0.1 ],
									"to": [ 5.9, 0.89, 0.5 ],
									"rotationOrigin": [ 5.9, 0.5, 0.4 ],
									"faces": {
										"north": { "texture": "#bonebowskin", "uv": [ 1.375, 0.125, 1.875, 2.75 ], "autoUv": false },
										"east": { "texture": "#bonebowskin", "uv": [ 1.5, 0.375, 1.875, 1.375 ] },
										"south": { "texture": "#bonebowskin", "uv": [ 1.5, 0.25, 1.875, 2.5 ], "autoUv": false },
										"west": { "texture": "#bonebowskin", "uv": [ 1.5, 0.125, 1.875, 1.125 ] },
										"up": { "texture": "#bonebowskin", "uv": [ 1.375, 0.125, 1.625, 2.625 ], "autoUv": false },
										"down": { "texture": "#bonebowskin", "uv": [ 1.5, 0.125, 1.875, 2.625 ], "autoUv": false }
									}
								},
								{
									"name": "bonesdown2",
									"from": [ 5.0, 0.1, -0.3 ],
									"to": [ 6.0, 0.6, 1.0 ],
									"rotationOrigin": [ 6.0, 0.3, 0.6 ],
									"faces": {
										"north": { "texture": "#bonebowskin", "uv": [ 0.5, 6.125, 1.5, 6.625 ] },
										"east": { "texture": "#bonebowskin", "uv": [ 0.25, 6.25, 1.5, 6.75 ] },
										"south": { "texture": "#bonebowskin", "uv": [ 0.25, 6.25, 1.25, 6.75 ] },
										"west": { "texture": "#bonebowskin", "uv": [ 0.25, 6.25, 1.5, 6.75 ] },
										"up": { "texture": "#bonebowskin", "uv": [ 0.625, 6.375, 1.625, 7.625 ] },
										"down": { "texture": "#bonebowskin", "uv": [ 0.5, 6.5, 1.5, 7.75 ] }
									},
									"children": [
										{
											"name": "Cube34",
											"from": [ -0.75, 0.05, 0.0 ],
											"to": [ 0.55, 0.45, 0.4 ],
											"rotationOrigin": [ 0.5, 0.2, 0.2 ],
											"rotationY": -50.0,
											"faces": {
												"north": { "texture": "#bonebowskin", "uv": [ 0.0, 6.0, 1.25, 6.375 ] },
												"east": { "texture": "#bonebowskin", "uv": [ 1.625, 6.75, 2.0, 7.125 ] },
												"south": { "texture": "#bonebowskin", "uv": [ 0.375, 6.25, 1.625, 6.625 ] },
												"west": { "texture": "#bonebowskin", "uv": [ 1.375, 6.25, 1.75, 6.625 ] },
												"up": { "texture": "#bonebowskin", "uv": [ 0.375, 6.375, 1.625, 6.75 ] },
												"down": { "texture": "#bonebowskin", "uv": [ 0.625, 6.375, 1.875, 6.75 ] }
											}
										},
										{
											"name": "Cube35",
											"from": [ 0.9, 0.05, 1.2 ],
											"to": [ 1.3, 0.45, 2.2 ],
											"rotationOrigin": [ 1.0, 0.0, 0.6 ],
											"rotationY": -45.0,
											"faces": {
												"north": { "texture": "#bonebowskin", "uv": [ 1.5, 6.5, 1.875, 6.875 ] },
												"east": { "texture": "#bonebowskin", "uv": [ 0.5, 6.25, 1.5, 6.625 ] },
												"south": { "texture": "#bonebowskin", "uv": [ 0.75, 6.875, 1.125, 7.25 ] },
												"west": { "texture": "#bonebowskin", "uv": [ 1.0, 6.0, 2.0, 6.375 ] },
												"up": { "texture": "#bonebowskin", "uv": [ 1.125, 6.375, 1.5, 7.375 ] },
												"down": { "texture": "#bonebowskin", "uv": [ 1.25, 6.375, 1.625, 7.375 ] }
											}
										},
										{
											"name": "Cube80",
											"from": [ 0.35, -0.25, 0.07 ],
											"to": [ 0.8, 0.85, 1.27 ],
											"rotationOrigin": [ 0.35, 0.35, 0.7 ],
											"faces": {
												"north": { "texture": "#bonebowskin", "uv": [ 0.5, 6.375, 0.875, 7.375 ] },
												"east": { "texture": "#bonebowskin", "uv": [ 0.125, 6.0, 1.25, 7.0 ] },
												"south": { "texture": "#bonebowskin", "uv": [ 0.75, 6.0, 1.125, 7.0 ] },
												"west": { "texture": "#bonebowskin", "uv": [ 0.25, 5.875, 1.375, 6.875 ] },
												"up": { "texture": "#bonebowskin", "uv": [ 0.375, 5.875, 0.75, 7.0 ] },
												"down": { "texture": "#bonebowskin", "uv": [ 0.25, 6.0, 0.625, 7.125 ] }
											}
										},
										{
											"name": "Cube36",
											"from": [ -1.5, 0.0, 0.0 ],
											"to": [ -0.5, 0.5, 1.3 ],
											"rotationOrigin": [ -1.0, 0.2, 0.9 ],
											"faces": {
												"north": { "texture": "#bonebowskin", "uv": [ 0.625, 5.875, 1.625, 6.375 ] },
												"east": { "texture": "#bonebowskin", "uv": [ 0.25, 6.5, 1.5, 7.0 ] },
												"south": { "texture": "#bonebowskin", "uv": [ 0.75, 6.375, 1.75, 6.875 ] },
												"west": { "texture": "#bonebowskin", "uv": [ 0.375, 6.5, 1.625, 7.0 ] },
												"up": { "texture": "#bonebowskin", "uv": [ 0.625, 6.5, 1.625, 7.75 ] },
												"down": { "texture": "#bonebowskin", "uv": [ 0.625, 6.5, 1.625, 7.75 ] }
											},
											"children": [
												{
													"name": "Cube37",
													"from": [ -0.75, 0.05, 0.0 ],
													"to": [ 0.55, 0.45, 0.4 ],
													"rotationOrigin": [ 0.5, 0.2, 0.2 ],
													"rotationY": -50.0,
													"faces": {
														"north": { "texture": "#bonebowskin", "uv": [ 0.25, 6.875, 1.5, 7.25 ] },
														"east": { "texture": "#bonebowskin", "uv": [ 1.375, 6.5, 1.75, 6.875 ] },
														"south": { "texture": "#bonebowskin", "uv": [ 0.25, 6.5, 1.5, 6.875 ] },
														"west": { "texture": "#bonebowskin", "uv": [ 1.125, 6.125, 1.5, 6.5 ] },
														"up": { "texture": "#bonebowskin", "uv": [ 0.125, 6.375, 1.375, 6.75 ] },
														"down": { "texture": "#bonebowskin", "uv": [ 0.5, 5.875, 1.75, 6.25 ] }
													}
												},
												{
													"name": "Cube38",
													"from": [ 0.9, 0.05, 1.2 ],
													"to": [ 1.3, 0.45, 2.2 ],
													"rotationOrigin": [ 1.0, 0.0, 0.6 ],
													"rotationY": -45.0,
													"faces": {
														"north": { "texture": "#bonebowskin", "uv": [ 0.75, 6.0, 1.125, 6.375 ] },
														"east": { "texture": "#bonebowskin", "uv": [ 0.25, 6.125, 1.25, 6.5 ] },
														"south": { "texture": "#bonebowskin", "uv": [ 0.5, 6.375, 0.875, 6.75 ] },
														"west": { "texture": "#bonebowskin", "uv": [ 0.5, 5.875, 1.5, 6.25 ] },
														"up": { "texture": "#bonebowskin", "uv": [ 1.375, 6.5, 1.75, 7.5 ] },
														"down": { "texture": "#bonebowskin", "uv": [ 0.75, 6.25, 1.125, 7.25 ] }
													}
												},
												{
													"name": "Cube81",
													"from": [ 0.3, -0.25, 0.07 ],
													"to": [ 0.75, 0.85, 1.27 ],
													"rotationOrigin": [ 0.5, 0.35, 0.7 ],
													"faces": {
														"north": { "texture": "#bonebowskin", "uv": [ 0.5, 6.375, 0.875, 7.375 ] },
														"east": { "texture": "#bonebowskin", "uv": [ 0.125, 6.0, 1.25, 7.0 ] },
														"south": { "texture": "#bonebowskin", "uv": [ 0.75, 6.0, 1.125, 7.0 ] },
														"west": { "texture": "#bonebowskin", "uv": [ 0.25, 5.875, 1.375, 6.875 ] },
														"up": { "texture": "#bonebowskin", "uv": [ 0.375, 5.875, 0.75, 7.0 ] },
														"down": { "texture": "#bonebowskin", "uv": [ 0.25, 6.0, 0.625, 7.125 ] }
													}
												}
											]
										},
										{
											"name": "Cube39",
											"from": [ -2.9, 0.0, 0.0 ],
											"to": [ -1.9, 0.5, 1.3 ],
											"rotationOrigin": [ -2.0, 0.2, 0.9 ],
											"faces": {
												"north": { "texture": "#bonebowskin", "uv": [ 0.5, 6.5, 1.5, 7.0 ] },
												"east": { "texture": "#bonebowskin", "uv": [ 0.75, 6.0, 2.0, 6.5 ] },
												"south": { "texture": "#bonebowskin", "uv": [ 0.5, 5.625, 1.5, 6.125 ] },
												"west": { "texture": "#bonebowskin", "uv": [ 0.375, 6.375, 1.625, 6.875 ] },
												"up": { "texture": "#bonebowskin", "uv": [ 0.375, 6.25, 1.375, 7.5 ] },
												"down": { "texture": "#bonebowskin", "uv": [ 0.25, 5.75, 1.25, 7.0 ] }
											},
											"children": [
												{
													"name": "Cube40",
													"from": [ -0.75, 0.05, 0.0 ],
													"to": [ 0.55, 0.45, 0.4 ],
													"rotationOrigin": [ 0.5, 0.2, 0.2 ],
													"rotationY": -50.0,
													"faces": {
														"north": { "texture": "#bonebowskin", "uv": [ 0.25, 6.75, 1.5, 7.125 ] },
														"east": { "texture": "#bonebowskin", "uv": [ 1.125, 6.25, 1.5, 6.625 ] },
														"south": { "texture": "#bonebowskin", "uv": [ 0.375, 6.375, 1.625, 6.75 ] },
														"west": { "texture": "#bonebowskin", "uv": [ 0.875, 6.5, 1.25, 6.875 ] },
														"up": { "texture": "#bonebowskin", "uv": [ 0.25, 6.25, 1.5, 6.625 ] },
														"down": { "texture": "#bonebowskin", "uv": [ 0.125, 6.0, 1.375, 6.375 ] }
													}
												},
												{
													"name": "Cube41",
													"from": [ 0.9, 0.05, 1.2 ],
													"to": [ 1.3, 0.45, 2.2 ],
													"rotationOrigin": [ 1.0, 0.0, 0.6 ],
													"rotationY": -45.0,
													"faces": {
														"north": { "texture": "#bonebowskin", "uv": [ 0.75, 6.0, 1.125, 6.375 ] },
														"east": { "texture": "#bonebowskin", "uv": [ 0.25, 5.625, 1.25, 6.0 ] },
														"south": { "texture": "#bonebowskin", "uv": [ 0.25, 6.25, 0.625, 6.625 ] },
														"west": { "texture": "#bonebowskin", "uv": [ 0.5, 6.25, 1.5, 6.625 ] },
														"up": { "texture": "#bonebowskin", "uv": [ 0.75, 6.125, 1.125, 7.125 ] },
														"down": { "texture": "#bonebowskin", "uv": [ 0.75, 6.125, 1.125, 7.125 ] }
													}
												},
												{
													"name": "Cube82",
													"from": [ 0.3, -0.25, 0.07 ],
													"to": [ 0.75, 0.85, 1.27 ],
													"rotationOrigin": [ 0.9, 0.35, 0.7 ],
													"faces": {
														"north": { "texture": "#bonebowskin", "uv": [ 0.5, 6.375, 0.875, 7.375 ] },
														"east": { "texture": "#bonebowskin", "uv": [ 0.125, 6.0, 1.25, 7.0 ] },
														"south": { "texture": "#bonebowskin", "uv": [ 0.75, 6.0, 1.125, 7.0 ] },
														"west": { "texture": "#bonebowskin", "uv": [ 0.25, 5.875, 1.375, 6.875 ] },
														"up": { "texture": "#bonebowskin", "uv": [ 0.375, 5.875, 0.75, 7.0 ] },
														"down": { "texture": "#bonebowskin", "uv": [ 0.25, 6.0, 0.625, 7.125 ] }
													}
												}
											]
										},
										{
											"name": "Cube42",
											"from": [ -4.4, 0.0, 0.0 ],
											"to": [ -3.4, 0.5, 1.3 ],
											"rotationOrigin": [ -4.0, 0.2, 0.9 ],
											"faces": {
												"north": { "texture": "#bonebowskin", "uv": [ 0.375, 6.375, 1.375, 6.875 ] },
												"east": { "texture": "#bonebowskin", "uv": [ 0.5, 6.0, 1.75, 6.5 ] },
												"south": { "texture": "#bonebowskin", "uv": [ 0.125, 6.375, 1.125, 6.875 ] },
												"west": { "texture": "#bonebowskin", "uv": [ 0.25, 6.375, 1.5, 6.875 ] },
												"up": { "texture": "#bonebowskin", "uv": [ 0.25, 6.375, 1.25, 7.625 ] },
												"down": { "texture": "#bonebowskin", "uv": [ 0.5, 5.875, 1.5, 7.125 ] }
											},
											"children": [
												{
													"name": "Cube43",
													"from": [ -0.75, 0.05, 0.0 ],
													"to": [ 0.55, 0.45, 0.4 ],
													"rotationOrigin": [ 0.5, 0.2, 0.2 ],
													"rotationY": -45.0,
													"faces": {
														"north": { "texture": "#bonebowskin", "uv": [ 0.25, 6.0, 1.5, 6.375 ] },
														"east": { "texture": "#bonebowskin", "uv": [ 0.75, 6.0, 1.125, 6.375 ] },
														"south": { "texture": "#bonebowskin", "uv": [ 0.5, 6.25, 1.75, 6.625 ] },
														"west": { "texture": "#bonebowskin", "uv": [ 0.625, 6.375, 1.0, 6.75 ] },
														"up": { "texture": "#bonebowskin", "uv": [ 0.375, 5.875, 1.625, 6.25 ] },
														"down": { "texture": "#bonebowskin", "uv": [ 0.25, 6.25, 1.5, 6.625 ] }
													}
												},
												{
													"name": "Cube44",
													"from": [ 0.9, 0.05, 1.0 ],
													"to": [ 1.3, 0.45, 1.7 ],
													"rotationOrigin": [ 1.0, 0.0, 0.6 ],
													"rotationY": -22.5,
													"faces": {
														"north": { "texture": "#bonebowskin", "uv": [ 0.625, 6.5, 1.0, 6.875 ] },
														"east": { "texture": "#bonebowskin", "uv": [ 0.75, 6.0, 1.375, 6.375 ] },
														"south": { "texture": "#bonebowskin", "uv": [ 0.5, 6.125, 0.875, 6.5 ] },
														"west": { "texture": "#bonebowskin", "uv": [ 0.875, 6.375, 1.5, 6.75 ] },
														"up": { "texture": "#bonebowskin", "uv": [ 0.375, 6.25, 0.75, 6.875 ] },
														"down": { "texture": "#bonebowskin", "uv": [ 0.5, 6.375, 0.875, 7.0 ] }
													}
												},
												{
													"name": "Cube83",
													"from": [ 0.5, -0.25, 0.07 ],
													"to": [ 0.95, 0.85, 1.27 ],
													"rotationOrigin": [ 0.5, 0.35, 0.7 ],
													"faces": {
														"north": { "texture": "#bonebowskin", "uv": [ 0.5, 6.375, 0.875, 7.375 ] },
														"east": { "texture": "#bonebowskin", "uv": [ 0.125, 6.0, 1.25, 7.0 ] },
														"south": { "texture": "#bonebowskin", "uv": [ 0.75, 6.0, 1.125, 7.0 ] },
														"west": { "texture": "#bonebowskin", "uv": [ 0.25, 5.875, 1.375, 6.875 ] },
														"up": { "texture": "#bonebowskin", "uv": [ 0.375, 5.875, 0.75, 7.0 ] },
														"down": { "texture": "#bonebowskin", "uv": [ 0.25, 6.0, 0.625, 7.125 ] }
													}
												}
											]
										}
									]
								}
							]
						}
					]
				}
			]
		}
	],
	"animations": [
		{
			"name": "Draw",
			"code": "draw",
			"quantityframes": 15,
			"onActivityStopped": "EaseOut",
			"onAnimationEnd": "Hold",
			"keyframes": [
				{
					"frame": 0,
					"elements": {
						"BowGrip": { "offsetX": 0.0, "offsetY": 0.0, "offsetZ": 0.0, "rotationX": 0.0, "rotationY": 0.0, "rotationZ": 0.0 },
						"BowLimbUp": { "offsetX": 0.0, "offsetY": 0.0, "offsetZ": 0.0, "rotationX": 0.0, "rotationY": 0.0, "rotationZ": 0.0 },
						"BowTipUp": { "offsetX": 0.0, "offsetY": 0.0, "offsetZ": 0.0, "rotationX": 0.0, "rotationY": 0.0, "rotationZ": 0.0 },
						"BowStringUp1": { "offsetX": 0.0, "offsetY": 0.0, "offsetZ": 0.0, "rotationX": 0.0, "rotationY": 0.0, "rotationZ": 0.0 },
						"BowStringUp2": { "offsetX": 0.0, "offsetY": 0.0, "offsetZ": 0.0, "rotationX": 0.0, "rotationY": 0.0, "rotationZ": 0.0 },
						"BowNock": { "offsetX": 0.0, "offsetY": 0.0, "offsetZ": 0.0, "rotationX": 0.0, "rotationY": 0.0, "rotationZ": 0.0 },
						"BowLimbDown": { "offsetX": 0.0, "offsetY": 0.0, "offsetZ": 0.0, "rotationX": 0.0, "rotationY": 0.0, "rotationZ": 0.0 },
						"BowTipDown": { "offsetX": 0.0, "offsetY": 0.0, "offsetZ": 0.0, "rotationX": 0.0, "rotationY": 0.0, "rotationZ": 0.0 },
						"BowStringDown1": { "offsetX": 0.0, "offsetY": 0.0, "offsetZ": 0.0, "rotationX": 0.0, "rotationY": 0.0, "rotationZ": 0.0 },
						"BowStringDown2": { "offsetX": 0.0, "offsetY": 0.0, "offsetZ": 0.0, "rotationX": 0.0, "rotationY": 0.0, "rotationZ": 0.0 }
					}
				},
				{
					"frame": 14,
					"elements": {
						"BowLimbUp": { "offsetX": 0.0, "offsetY": 0.0, "offsetZ": 0.0, "rotationX": 0.0, "rotationY": -22.5, "rotationZ": 0.0 },
						"BowTipUp": { "offsetX": 0.0, "offsetY": 0.0, "offsetZ": 0.0, "rotationX": 0.0, "rotationY": -22.5, "rotationZ": 0.0 },
						"BowStringUp1": { "offsetX": 0.0, "offsetY": 0.0, "offsetZ": 0.0, "rotationX": 0.0, "rotationY": 90.0, "rotationZ": 0.0 },
						"BowStringUp2": { "offsetX": 0.0, "offsetY": 0.0, "offsetZ": 0.0, "rotationX": 0.0, "rotationY": -22.5, "rotationZ": 0.0 },
						"BowNock": { "offsetX": 0.3, "offsetY": 0.0, "offsetZ": -0.3, "rotationX": 0.0, "rotationY": -22.5, "rotationZ": 0.0 },
						"BowLimbDown": { "offsetX": 0.0, "offsetY": 0.0, "offsetZ": 0.0, "rotationX": 0.0, "rotationY": 22.5, "rotationZ": 0.0 },
						"BowTipDown": { "offsetX": 0.0, "offsetY": 0.0, "offsetZ": 0.0, "rotationX": 0.0, "rotationY": 22.5, "rotationZ": 0.0 },
						"BowStringDown1": { "offsetX": 0.0, "offsetY": 0.0, "offsetZ": 0.0, "rotationX": 0.0, "rotationY": -90.0, "rotationZ": 0.0 },
						"BowStringDown2": { "offsetX": 0.0, "offsetY": 0.0, "offsetZ": 0.0, "rotationX": 0.0, "rotationY": 22.5, "rotationZ": 0.0 }
					}
				},
				{
					"frame": 15,
					"elements": {
						"BowGrip": { "offsetX": 0.0, "offsetY": 0.0, "offsetZ": 0.0, "rotationX": 0.0, "rotationY": 0.0, "rotationZ": 0.0 },
						"BowLimbUp": { "offsetX": 0.0, "offsetY": 0.0, "offsetZ": 0.0, "rotationX": 0.0, "rotationY": -22.5, "rotationZ": 0.0 },
						"BowTipUp": { "offsetX": 0.0, "offsetY": 0.0, "offsetZ": 0.0, "rotationX": 0.0, "rotationY": -22.5, "rotationZ": 0.0 },
						"BowStringUp1": { "offsetX": 0.0, "offsetY": 0.0, "offsetZ": 0.0, "rotationX": 0.0, "rotationY": 112.5, "rotationZ": 0.0 },
						"BowStringUp2": { "offsetX": 0.0, "offsetY": 0.0, "offsetZ": 0.0, "rotationX": 0.0, "rotationY": -22.5, "rotationZ": 0.0 },
						"BowLimbDown": { "offsetX": 0.0, "offsetY": 0.0, "offsetZ": 0.0, "rotationX": 0.0, "rotationY": 22.5, "rotationZ": 0.0 },
						"BowTipDown": { "offsetX": 0.0, "offsetY": 0.0, "offsetZ": 0.0, "rotationX": 0.0, "rotationY": 22.5, "rotationZ": 0.0 },
						"BowStringDown1": { "offsetX": 0.0, "offsetY": 0.0, "offsetZ": 0.0, "rotationX": 0.0, "rotationY": -112.5, "rotationZ": 0.0 },
						"BowStringDown2": { "offsetX": 0.0, "offsetY": 0.0, "offsetZ": 0.0, "rotationX": 0.0, "rotationY": 22.5, "rotationZ": 0.0 }
					}
				}
			]
		}
	]
}